,crate_name,crate_hash,def_path,def_path_hash,summary_key,unsafe_reason
13732,rust_extra,156ff18b2f63fa66,rust_extra[930c]::arrays[0]::{{impl}}[63]::as_ref[0],29d0477bd62817ca6df4365efb0be5de,rust_extra.arrays.implement_arrays.as_ref,borrow of packed field
16566,rust_extra,156ff18b2f63fa66,rust_extra[930c]::arrays[0]::{{impl}}[110]::lt[0],24c407a032d8d77d13a68b429af2da3e,rust_extra.arrays.implement_arrays.lt,borrow of packed field
22124,rust_extra,156ff18b2f63fa66,rust_extra[930c]::arrays[0]::{{impl}}[42]::fmt[0],43afac55d64450e82e936588f4e050c6,rust_extra.arrays.implement_arrays.fmt,borrow of packed field
24240,rust_extra,156ff18b2f63fa66,rust_extra[930c]::arrays[0]::{{impl}}[149]::ge[0],73caaa5979030205a65a3e1865dc7966,rust_extra.arrays.implement_arrays.ge,borrow of packed field
26924,rust_extra,156ff18b2f63fa66,rust_extra[930c]::arrays[0]::{{impl}}[104]::get_unchecked[0],8ed7302f6c1eb9c2a99c35f1f4e80791,rust_extra.arrays.implement_arrays.get_unchecked,borrow of packed field
40420,tendril,5a204546fc7da903,tendril[81fc]::tendril[0]::{{impl}}[28]::incref[0],b59674f373fabb9cdf2351af23d379a8,tendril.tendril.implement_tendril.incref,borrow of packed field
41694,rust_extra,156ff18b2f63fa66,rust_extra[930c]::arrays[0]::{{impl}}[39]::as_mut_ptr[0],c33d3606016fe0e63c413f9184d1e1c8,rust_extra.arrays.implement_arrays.as_mut_ptr,borrow of packed field
44479,rust_extra,156ff18b2f63fa66,rust_extra[930c]::arrays[0]::{{impl}}[24]::as_ref[0],2a347c00f07007fc5c60737d8cfff9b5,rust_extra.arrays.implement_arrays.as_ref,borrow of packed field
62768,rust_extra,156ff18b2f63fa66,rust_extra[930c]::arrays[0]::{{impl}}[6]::lt[0],b88bdf1ce6fe7ad02bd2644298ddf6fc,rust_extra.arrays.implement_arrays.lt,borrow of packed field
64102,rust_extra,156ff18b2f63fa66,rust_extra[930c]::arrays[0]::{{impl}}[115]::as_ref[0],21bfa8901a0c1c6629df3b76cde05553,rust_extra.arrays.implement_arrays.as_ref,borrow of packed field
70726,pe,d772e081044817cc,pe[5631]::utility[0]::{{impl}}[24]::fmt[0],d8636cc735fcf045ac8a999ab408c1f4,pe.utility.implement_utility.fmt,borrow of packed field
83937,multiboot,1ef2440825c22254,multiboot[f482]::{{impl}}[5]::fmt[0],35732628a4201faf1464e22f9c2b1a1c,multiboot.implement_5.fmt,borrow of packed field
111752,rust_extra,156ff18b2f63fa66,rust_extra[930c]::arrays[0]::{{impl}}[101]::into_iter[0],18808427de8f07e1bc326fe50345d7d3,rust_extra.arrays.implement_arrays.into_iter,borrow of packed field
133155,syscall,74324622c729e00f,syscall[8598]::io[0]::mmio[0]::{{impl}}[1]::write[0],cf57fb29bbdaceea7884547fc5690ab5,syscall.io.mmio.implement_mmio.write,borrow of packed field
137697,libopencm3_sys,8eed6dfb20dbb611,libopencm3_sys[f827]::{{impl}}[6]::set_tSamFreq[0],315aa8309ad1a83aa731da3ad921700e,libopencm3_sys.implement_6.set_tSamFreq,borrow of packed field
138619,minidump_common,8b3ea2540af5f235,minidump_common[e37e]::format[0]::{{impl}}[79]::arm_cpu_info[0],7751ccf4b24a5e8b7b72b241cbd46045,minidump_common.format.implement_format.arm_cpu_info,borrow of packed field
138932,rust_extra,156ff18b2f63fa66,rust_extra[930c]::arrays[0]::{{impl}}[90]::as_mut[0],ac353cbe97e4568752945c973c2646ab,rust_extra.arrays.implement_arrays.as_mut,borrow of packed field
139196,haru,18e8f4dd8682e2d2,haru[b497]::vmbindings[0]::foreignc[0]::foreignc[0]::value_print[0],3bc297ccdc2b9f39e2529f941f4f7740,haru.vmbindings.foreignc.foreignc.value_print,borrow of packed field
139694,rust_extra,156ff18b2f63fa66,rust_extra[930c]::arrays[0]::{{impl}}[32]::ge[0],8436c521064bdc2417a7f0046ba0e0e,rust_extra.arrays.implement_arrays.ge,borrow of packed field
158429,rust_extra,156ff18b2f63fa66,rust_extra[930c]::arrays[0]::{{impl}}[138]::hash[0],594489bcaa5cc62e81a4d34f62bdcf39,rust_extra.arrays.implement_arrays.hash,borrow of packed field
162701,rust_extra,156ff18b2f63fa66,rust_extra[930c]::arrays[0]::{{impl}}[136]::lt[0],ddfc080b95bd52314505a6069a4923c4,rust_extra.arrays.implement_arrays.lt,borrow of packed field
162844,pe,d772e081044817cc,pe[5631]::utility[0]::{{impl}}[23]::cmp[0],d2434f82eda80c584b140da33f4da268,pe.utility.implement_utility.cmp,borrow of packed field
171917,rust_extra,156ff18b2f63fa66,rust_extra[930c]::arrays[0]::{{impl}}[19]::le[0],c90a70dfe764065490a0869acc722f73,rust_extra.arrays.implement_arrays.le,borrow of packed field
172826,intel_spi,a08832378089de4a,intel_spi[bc6e]::mmio[0]::{{impl}}[1]::write[0],8fff43ffc9f41e2d7035e779994b3bfb,intel_spi.mmio.implement_mmio.write,borrow of packed field
179819,rust_extra,156ff18b2f63fa66,rust_extra[930c]::arrays[0]::{{impl}}[10]::into_iter[0],19648e5272c58986bc8ca90302268103,rust_extra.arrays.implement_arrays.into_iter,borrow of packed field
190024,x86,af30b2093c683d5a,x86[ef60]::dtables[0]::{{impl}}[2]::fmt[0],c4f46ce9b462a5d5a06d086d71b3d7d1,x86.dtables.implement_dtables.fmt,borrow of packed field
203643,rust_extra,156ff18b2f63fa66,rust_extra[930c]::arrays[0]::{{impl}}[130]::as_ptr[0],30a755fc213453cfd884ebcb2943ab50,rust_extra.arrays.implement_arrays.as_ptr,borrow of packed field
222890,minidump,e5761667c9fbc72f,minidump[cf38]::minidump[0]::{{impl}}[24]::print[0],5ae2e4ae2b6ef102ecde26546caefa7a,minidump.minidump.implement_minidump.print,borrow of packed field
229292,rust_extra,156ff18b2f63fa66,rust_extra[930c]::arrays[0]::{{impl}}[45]::lt[0],328eff2389c89947b1518d6bc696c3b5,rust_extra.arrays.implement_arrays.lt,borrow of packed field
232862,minidump,e5761667c9fbc72f,minidump[cf38]::minidump[0]::{{impl}}[18]::print[0],b0206a61d3c601dd4eda8e38c3560d39,minidump.minidump.implement_minidump.print,borrow of packed field
235657,rust_extra,156ff18b2f63fa66,rust_extra[930c]::arrays[0]::{{impl}}[136]::ge[0],a5a7297813e9930491b1fe4f752c8f84,rust_extra.arrays.implement_arrays.ge,borrow of packed field
244141,rust_extra,156ff18b2f63fa66,rust_extra[930c]::arrays[0]::{{impl}}[87]::into_iter[0],6f1ae68bd2d6c7df9cf43b8481edd47,rust_extra.arrays.implement_arrays.into_iter,borrow of packed field
248098,rust_extra,156ff18b2f63fa66,rust_extra[930c]::arrays[0]::{{impl}}[6]::partial_cmp[0],5c4eedc045a326133c4df17585c22974,rust_extra.arrays.implement_arrays.partial_cmp,borrow of packed field
286711,pe,d772e081044817cc,pe[5631]::{{impl}}[0]::get_check_sum[0],a58d081fb2b30c6e3b18b234d715c2a0,pe.implement.get_check_sum,borrow of packed field
290016,rust_extra,156ff18b2f63fa66,rust_extra[930c]::arrays[0]::{{impl}}[65]::as_mut_ptr[0],7036f084a31eecbe3eb1c4ba424ec5fb,rust_extra.arrays.implement_arrays.as_mut_ptr,borrow of packed field
301850,dmi,8471fcce61989881,dmi[3116]::{{impl}}[22]::fmt[0],5c5fa7890dabec69aa5c9bce99d4e53b,dmi.implement_22.fmt,borrow of packed field
311797,rust_extra,156ff18b2f63fa66,rust_extra[930c]::arrays[0]::{{impl}}[97]::le[0],2bfef284681b1171fa3844af13bac03c,rust_extra.arrays.implement_arrays.le,borrow of packed field
330231,hydrogen,6e6b935db250b343,hydrogen[548a]::server[0]::update_io_events[0],ae0c7f5cf424d5ab4d0de24ba6e4b6ee,hydrogen.server.update_io_events,borrow of packed field
334817,rust_extra,156ff18b2f63fa66,rust_extra[930c]::arrays[0]::{{impl}}[0]::get_unchecked[0],9c17696478c56d374a27aebc162337c7,rust_extra.arrays.implement.get_unchecked,borrow of packed field
338900,dmi,8471fcce61989881,dmi[3116]::{{impl}}[12]::fmt[0],e9268891c304fa9a28b3c5d1716efbf2,dmi.implement_12.fmt,borrow of packed field
342875,rust_extra,156ff18b2f63fa66,rust_extra[930c]::arrays[0]::{{impl}}[6]::gt[0],cd0f4afdc93611e739d8527733311fd7,rust_extra.arrays.implement_arrays.gt,borrow of packed field
363239,rust_extra,156ff18b2f63fa66,rust_extra[930c]::arrays[0]::{{impl}}[19]::gt[0],226249a382615382e140be65d127b497,rust_extra.arrays.implement_arrays.gt,borrow of packed field
392902,minidump_common,8b3ea2540af5f235,minidump_common[e37e]::format[0]::{{impl}}[79]::x86_cpu_info[0],9e0563ea9eef274ddd9482e299baed26,minidump_common.format.implement_format.x86_cpu_info,borrow of packed field
422881,dmi,8471fcce61989881,dmi[3116]::{{impl}}[18]::fmt[0],aa78a3f0e2002b5121837d1b00c2036b,dmi.implement_18.fmt,borrow of packed field
425552,rust_extra,156ff18b2f63fa66,rust_extra[930c]::arrays[0]::{{impl}}[116]::as_mut[0],b82bab9eb5aea30971af55d59794a7da,rust_extra.arrays.implement_arrays.as_mut,borrow of packed field
437897,coreboot_table,868dac5bdab66cd0,coreboot_table[922f]::record[0]::{{impl}}[2]::fmt[0],57ecfbf24c4b3b73e441f67b2a77efeb,coreboot_table.record.implement_record.fmt,borrow of packed field
445496,coreboot_table,868dac5bdab66cd0,coreboot_table[922f]::serial[0]::{{impl}}[1]::clone[0],e85e412e6fcf6e0766214d4827c945c,coreboot_table.serial.implement_serial.clone,borrow of packed field
447414,rust_extra,156ff18b2f63fa66,rust_extra[930c]::arrays[0]::{{impl}}[154]::as_ref[0],9b22d3d30dbfef00bb0e7d71d5ae4b01,rust_extra.arrays.implement_arrays.as_ref,borrow of packed field
451150,rust_extra,156ff18b2f63fa66,rust_extra[930c]::arrays[0]::{{impl}}[32]::gt[0],4e3afab4ecdfd7dddbbadb59de31e61f,rust_extra.arrays.implement_arrays.gt,borrow of packed field
451742,rust_extra,156ff18b2f63fa66,rust_extra[930c]::arrays[0]::{{impl}}[153]::into_iter[0],4aa926974b9a60a83bb83ad8e978a870,rust_extra.arrays.implement_arrays.into_iter,borrow of packed field
458373,rust_extra,156ff18b2f63fa66,rust_extra[930c]::arrays[0]::{{impl}}[121]::eq[0],c4fb66b556b17e3fd9468f38a840449f,rust_extra.arrays.implement_arrays.eq,borrow of packed field
458752,rust_extra,156ff18b2f63fa66,rust_extra[930c]::arrays[0]::{{impl}}[85]::cmp[0],83bad656dd17563c5326b30eafb00d59,rust_extra.arrays.implement_arrays.cmp,borrow of packed field
460952,rust_extra,156ff18b2f63fa66,rust_extra[930c]::arrays[0]::{{impl}}[34]::hash[0],6e015ec2413a2779ce4564a1103be4cd,rust_extra.arrays.implement_arrays.hash,borrow of packed field
482560,multiboot,1ef2440825c22254,multiboot[f482]::{{impl}}[2]::fmt[0],d04a921b030ebc51730d2181776de13c,multiboot.implement_2.fmt,borrow of packed field
483608,dmi,8471fcce61989881,dmi[3116]::{{impl}}[14]::clone[0],c3ba82fb639dad19f9c5705dd7a38e8c,dmi.implement_14.clone,borrow of packed field
503634,rust_extra,156ff18b2f63fa66,rust_extra[930c]::arrays[0]::{{impl}}[137]::cmp[0],9f88b554c85d900b174dfd1963f21fad,rust_extra.arrays.implement_arrays.cmp,borrow of packed field
506131,pe,d772e081044817cc,pe[5631]::{{impl}}[0]::get_number_of_rva_and_sizes[0],9a57608667617d3b9cd86db205d3e977,pe.implement.get_number_of_rva_and_sizes,borrow of packed field
515597,rust_extra,156ff18b2f63fa66,rust_extra[930c]::arrays[0]::{{impl}}[65]::as_ptr[0],42a77a7a3ba7b4b03d5d827077d6bf07,rust_extra.arrays.implement_arrays.as_ptr,borrow of packed field
530216,minidump_common,8b3ea2540af5f235,minidump_common[e37e]::format[0]::{{impl}}[10]::flt_save[0],8c4f1bc0f9c06d66ad17e6388867787a,minidump_common.format.implement_format.flt_save,borrow of packed field
535686,elrond,9ff59a474db56cd8,elrond[b804]::symtable[0]::symtable32[0]::{{impl}}[14]::clone[0],169f2b52976b8c44d09b3353cb393d55,elrond.symtable.symtable32.implement_symtable32.clone,borrow of packed field
553214,rust_extra,156ff18b2f63fa66,rust_extra[930c]::arrays[0]::{{impl}}[76]::as_ref[0],94c139b24392aae4ad537825028e1afb,rust_extra.arrays.implement_arrays.as_ref,borrow of packed field
554318,rust_extra,156ff18b2f63fa66,rust_extra[930c]::arrays[0]::{{impl}}[6]::le[0],41031355ee2ac2d0549d3f0ece297d02,rust_extra.arrays.implement_arrays.le,borrow of packed field
556193,rust_extra,156ff18b2f63fa66,rust_extra[930c]::arrays[0]::{{impl}}[123]::lt[0],5f4dee895a173f6b02c1ad4e7611c48,rust_extra.arrays.implement_arrays.lt,borrow of packed field
557205,rust_extra,156ff18b2f63fa66,rust_extra[930c]::arrays[0]::{{impl}}[51]::as_mut[0],5a11722acb9646ccfc9396f6351f3b45,rust_extra.arrays.implement_arrays.as_mut,borrow of packed field
566709,rust_extra,156ff18b2f63fa66,rust_extra[930c]::arrays[0]::{{impl}}[143]::get_unchecked_mut[0],6aa385add37a09ed8b0b6d4cc5156bd9,rust_extra.arrays.implement_arrays.get_unchecked_mut,borrow of packed field
579238,emerald_rs,1b29922d9417914,emerald_rs[d422]::hdwallet[0]::apdu[0]::{{impl}}[0]::fmt[0],34b81ea9f8f72d501181fc70e5a9e0a1,emerald_rs.hdwallet.apdu.implement.fmt,borrow of packed field
581782,rust_extra,156ff18b2f63fa66,rust_extra[930c]::arrays[0]::{{impl}}[134]::eq[0],5377127efc51dc154f57dedf59fa02a4,rust_extra.arrays.implement_arrays.eq,borrow of packed field
590742,rust_extra,156ff18b2f63fa66,rust_extra[930c]::arrays[0]::{{impl}}[43]::eq[0],ab790fa3c1f2db36bc581572fdb195c4,rust_extra.arrays.implement_arrays.eq,borrow of packed field
602991,rust_extra,156ff18b2f63fa66,rust_extra[930c]::arrays[0]::{{impl}}[21]::hash[0],439a7460b20d190090d8bfd2d17de011,rust_extra.arrays.implement_arrays.hash,borrow of packed field
605249,zfs,54b2e16997fa8427,zfs[576d]::zap[0]::{{impl}}[1]::fmt[0],4164c6b5c9c3fa961a1633cfeb8d3b11,zfs.zap.implement_zap.fmt,borrow of packed field
620278,rust_extra,156ff18b2f63fa66,rust_extra[930c]::arrays[0]::{{impl}}[58]::le[0],861359fe69cafa07cb90026b42314134,rust_extra.arrays.implement_arrays.le,borrow of packed field
629223,coreboot_table,868dac5bdab66cd0,coreboot_table[922f]::record[0]::{{impl}}[3]::clone[0],7bc45d444523171afa9e1c39b2cea01d,coreboot_table.record.implement_record.clone,borrow of packed field
635097,rust_extra,156ff18b2f63fa66,rust_extra[930c]::arrays[0]::{{impl}}[71]::partial_cmp[0],9486c36ad72cd3b73755c0b0ce1abf8c,rust_extra.arrays.implement_arrays.partial_cmp,borrow of packed field
654572,rust_extra,156ff18b2f63fa66,rust_extra[930c]::arrays[0]::{{impl}}[32]::partial_cmp[0],e77406bba05c38e05cd0f2ca32d5081c,rust_extra.arrays.implement_arrays.partial_cmp,borrow of packed field
659222,rust_extra,156ff18b2f63fa66,rust_extra[930c]::arrays[0]::{{impl}}[7]::cmp[0],684740c5ca5c3bed4ed73f4447ccd61,rust_extra.arrays.implement_arrays.cmp,borrow of packed field
665288,rust_extra,156ff18b2f63fa66,rust_extra[930c]::arrays[0]::{{impl}}[143]::as_mut_ptr[0],df53914751cfaea61617b258447d2f14,rust_extra.arrays.implement_arrays.as_mut_ptr,borrow of packed field
665619,coreboot_table,868dac5bdab66cd0,coreboot_table[922f]::framebuffer[0]::{{impl}}[0]::fmt[0],9e3d01fe151c1d08d29d56e3105ce900,coreboot_table.framebuffer.implement.fmt,borrow of packed field
675775,driverkit,3947540cc34b465b,driverkit[ab95]::{{impl}}[2]::fmt[0],56873cebc109664d534d0851b501b038,driverkit.implement_2.fmt,borrow of packed field
697309,rust_extra,156ff18b2f63fa66,rust_extra[930c]::arrays[0]::{{impl}}[84]::ge[0],27ce54dfc56be0ecc4c0ecc9e65421bc,rust_extra.arrays.implement_arrays.ge,borrow of packed field
718660,multiboot,1ef2440825c22254,multiboot[f482]::{{impl}}[8]::fmt[0],4eca5ea5c82e218010f7a56f399166f9,multiboot.implement_8.fmt,borrow of packed field
723261,rust_extra,156ff18b2f63fa66,rust_extra[930c]::arrays[0]::{{impl}}[60]::hash[0],93f120962a1ec99bf457ff64d0d69f1,rust_extra.arrays.implement_arrays.hash,borrow of packed field
741046,rust_extra,156ff18b2f63fa66,rust_extra[930c]::arrays[0]::{{impl}}[155]::as_mut[0],c05f668f1a615e9d2df0d9fa539b82b5,rust_extra.arrays.implement_arrays.as_mut,borrow of packed field
750772,rust_extra,156ff18b2f63fa66,rust_extra[930c]::arrays[0]::{{impl}}[64]::as_mut[0],f341b775b3758c23a6dff207a10d3b84,rust_extra.arrays.implement_arrays.as_mut,borrow of packed field
751424,hwio,1f3e40ea2153fbd7,hwio[5988]::mmio[0]::{{impl}}[1]::write[0],689f22337d2f46951c1a52090962e273,hwio.mmio.implement_mmio.write,borrow of packed field
754534,rust_extra,156ff18b2f63fa66,rust_extra[930c]::arrays[0]::{{impl}}[72]::cmp[0],345aeb3e0307735ca4d97104e4382c44,rust_extra.arrays.implement_arrays.cmp,borrow of packed field
765934,rust_extra,156ff18b2f63fa66,rust_extra[930c]::arrays[0]::{{impl}}[32]::le[0],9ee3c8c491c607736c51b65e2606f37f,rust_extra.arrays.implement_arrays.le,borrow of packed field
767837,minidump,e5761667c9fbc72f,minidump[cf38]::minidump[0]::{{impl}}[20]::print[0],97de153a44ec0f845c412a4182f02c90,minidump.minidump.implement_minidump.print,borrow of packed field
773650,rust_extra,156ff18b2f63fa66,rust_extra[930c]::arrays[0]::{{impl}}[20]::cmp[0],97bad167fd57cebf99ebebf00bcc032e,rust_extra.arrays.implement_arrays.cmp,borrow of packed field
777429,dmi,8471fcce61989881,dmi[3116]::{{impl}}[17]::clone[0],84e3eb8f93f070d4d333d31f36190c6,dmi.implement_17.clone,borrow of packed field
783627,rust_extra,156ff18b2f63fa66,rust_extra[930c]::arrays[0]::{{impl}}[91]::as_mut_ptr[0],23156e7a91b4ab60b711daa71c517cd9,rust_extra.arrays.implement_arrays.as_mut_ptr,borrow of packed field
793034,rust_extra,156ff18b2f63fa66,rust_extra[930c]::arrays[0]::{{impl}}[55]::fmt[0],b361368e4206e684e7ee7f308501bfb0,rust_extra.arrays.implement_arrays.fmt,borrow of packed field
803386,rust_extra,156ff18b2f63fa66,rust_extra[930c]::arrays[0]::{{impl}}[136]::gt[0],a7c481dec2ad3ba8fba917fe8892516e,rust_extra.arrays.implement_arrays.gt,borrow of packed field
807577,rust_extra,156ff18b2f63fa66,rust_extra[930c]::arrays[0]::{{impl}}[29]::fmt[0],490ada6486c98a0e887efe2304019c06,rust_extra.arrays.implement_arrays.fmt,borrow of packed field
820136,rust_extra,156ff18b2f63fa66,rust_extra[930c]::arrays[0]::{{impl}}[140]::into_iter[0],e972f73838aa26cbc649f38054be2529,rust_extra.arrays.implement_arrays.into_iter,borrow of packed field
826796,rust_extra,156ff18b2f63fa66,rust_extra[930c]::arrays[0]::{{impl}}[37]::as_ref[0],93ae02651ea309885c2e245277763766,rust_extra.arrays.implement_arrays.as_ref,borrow of packed field
843404,rust_extra,156ff18b2f63fa66,rust_extra[930c]::arrays[0]::{{impl}}[149]::gt[0],fc4c72483a0c492d60116c519fbd95af,rust_extra.arrays.implement_arrays.gt,borrow of packed field
843994,rust_extra,156ff18b2f63fa66,rust_extra[930c]::arrays[0]::{{impl}}[110]::ge[0],3f13450e2e5068729ed7136d0a150fde,rust_extra.arrays.implement_arrays.ge,borrow of packed field
861103,rust_extra,156ff18b2f63fa66,rust_extra[930c]::arrays[0]::{{impl}}[45]::partial_cmp[0],cb28bc2aa57b4e2ecbd99c89d171d9a,rust_extra.arrays.implement_arrays.partial_cmp,borrow of packed field
864740,rust_extra,156ff18b2f63fa66,rust_extra[930c]::arrays[0]::{{impl}}[61]::into_iter[0],cfba20c81ec512b4cd87a8541d338127,rust_extra.arrays.implement_arrays.into_iter,borrow of packed field
890023,minidump,e5761667c9fbc72f,minidump[cf38]::minidump[0]::{{impl}}[25]::print[0],6ee6c22e98483ac556b7bb620989374e,minidump.minidump.implement_minidump.print,borrow of packed field
893522,rust_extra,156ff18b2f63fa66,rust_extra[930c]::arrays[0]::{{impl}}[97]::partial_cmp[0],3ea20530dcaabf932cb8b3ebdd12b3c2,rust_extra.arrays.implement_arrays.partial_cmp,borrow of packed field
916424,rust_extra,156ff18b2f63fa66,rust_extra[930c]::arrays[0]::{{impl}}[68]::fmt[0],965e8f45c881747be637c901e7c015ab,rust_extra.arrays.implement_arrays.fmt,borrow of packed field
918424,libopencm3_sys,8eed6dfb20dbb611,libopencm3_sys[f827]::{{impl}}[5]::set_tUpperSamFreq[0],1a5a5a827902487bd652ebc44dbfe1ef,libopencm3_sys.implement_5.set_tUpperSamFreq,borrow of packed field
927903,rust_extra,156ff18b2f63fa66,rust_extra[930c]::arrays[0]::{{impl}}[13]::get_unchecked[0],82313a2df9063a2cddef7117d017ed38,rust_extra.arrays.implement_arrays.get_unchecked,borrow of packed field
929764,rust_extra,156ff18b2f63fa66,rust_extra[930c]::arrays[0]::{{impl}}[110]::partial_cmp[0],ff3e83cd89d3dc7d1bdec03118bdee1b,rust_extra.arrays.implement_arrays.partial_cmp,borrow of packed field
968446,rust_extra,156ff18b2f63fa66,rust_extra[930c]::arrays[0]::{{impl}}[13]::as_ptr[0],55e8de1f1b9a41c72122ba6489b7dfb9,rust_extra.arrays.implement_arrays.as_ptr,borrow of packed field
993574,rust_extra,156ff18b2f63fa66,rust_extra[930c]::arrays[0]::{{impl}}[141]::as_ref[0],38f51e0a1dd5fff4be7373591133fc2,rust_extra.arrays.implement_arrays.as_ref,borrow of packed field
995380,td_revent,b717125ba4fea66d,td_revent[5dfa]::sys[0]::unix[0]::epoll[0]::{{impl}}[2]::select[0],25a0eb9f47afef5639c0288660888bcb,td_revent.sys.unix.epoll.implement_epoll.select,borrow of packed field
1001371,rust_extra,156ff18b2f63fa66,rust_extra[930c]::arrays[0]::{{impl}}[133]::fmt[0],784a0cbd2076809b95ba5e269081d813,rust_extra.arrays.implement_arrays.fmt,borrow of packed field
1004555,pe,d772e081044817cc,pe[5631]::utility[0]::{{impl}}[37]::partial_cmp[0],22d7c9555ee838f1b8da6e35656021c,pe.utility.implement_utility.partial_cmp,borrow of packed field
1009662,rust_extra,156ff18b2f63fa66,rust_extra[930c]::arrays[0]::{{impl}}[123]::partial_cmp[0],49e8180c188c04661955a24cc2709ed7,rust_extra.arrays.implement_arrays.partial_cmp,borrow of packed field
1014630,redoxfs,4094856f57e40cfa,redoxfs[9edf]::header[0]::{{impl}}[1]::fmt[0],7724d6f10496c934fc9c5ee8e9a7e95a,redoxfs.header.implement_header.fmt,borrow of packed field
1049176,rust_extra,156ff18b2f63fa66,rust_extra[930c]::arrays[0]::{{impl}}[110]::gt[0],d3af0714aae29f658885193412557edd,rust_extra.arrays.implement_arrays.gt,borrow of packed field
1053933,rust_extra,156ff18b2f63fa66,rust_extra[930c]::arrays[0]::{{impl}}[99]::hash[0],1a21d8d68975174c2632965fc6181ff,rust_extra.arrays.implement_arrays.hash,borrow of packed field
1065441,rpcap,a3d6e496773bad52,rpcap[f8c1]::def[0]::{{impl}}[9]::switch_endianness[0],7a2b470b3b7dbe89400d40fb254ca08e,rpcap.def.implement_def.switch_endianness,borrow of packed field
1067625,rust_extra,156ff18b2f63fa66,rust_extra[930c]::arrays[0]::{{impl}}[9]::into_iter[0],f0ab8921f6df02102889986d037ebdc6,rust_extra.arrays.implement_arrays.into_iter,borrow of packed field
1069661,rpcap,a3d6e496773bad52,rpcap[f8c1]::def[0]::{{impl}}[4]::swap_bytes[0],24dfa3e6aa3540c7d10b7d55add1db82,rpcap.def.implement_def.swap_bytes,borrow of packed field
1096040,minidump,e5761667c9fbc72f,minidump[cf38]::context[0]::{{impl}}[2]::print[0],fae137523b458cafb22ce876063e92a0,minidump.context.implement_context.print,borrow of packed field
1101966,rust_extra,156ff18b2f63fa66,rust_extra[930c]::arrays[0]::{{impl}}[130]::as_mut_ptr[0],e8f9700273bd3f1d25857d3c5d275936,rust_extra.arrays.implement_arrays.as_mut_ptr,borrow of packed field
1114064,zfs,54b2e16997fa8427,zfs[576d]::dnode[0]::{{impl}}[2]::fmt[0],c32836a4796e1a7e54153c8f00a2d109,zfs.dnode.implement_dnode.fmt,borrow of packed field
1121237,vec_2_10_10_10,be8a6327bad81661,vec_2_10_10_10[f789]::{{impl}}[0]::raw_value[0],ede944df1e423bccf044e625b622d600,vec_2_10_10_10.implement.raw_value,borrow of packed field
1121785,rust_extra,156ff18b2f63fa66,rust_extra[930c]::arrays[0]::{{impl}}[123]::gt[0],f04c3eac3bca10f614759c8b8fbdfe2,rust_extra.arrays.implement_arrays.gt,borrow of packed field
1128738,rust_extra,156ff18b2f63fa66,rust_extra[930c]::arrays[0]::{{impl}}[69]::eq[0],8542208a4eebc159f462e62d5f753d62,rust_extra.arrays.implement_arrays.eq,borrow of packed field
1138319,rust_extra,156ff18b2f63fa66,rust_extra[930c]::arrays[0]::{{impl}}[152]::into_iter[0],42e163bdfa96e21d42b7d974f13033c3,rust_extra.arrays.implement_arrays.into_iter,borrow of packed field
1152274,rust_extra,156ff18b2f63fa66,rust_extra[930c]::arrays[0]::{{impl}}[123]::le[0],a27eeb1c2499581018bd4c820207ad89,rust_extra.arrays.implement_arrays.le,borrow of packed field
1218476,pe,d772e081044817cc,pe[5631]::utility[0]::{{impl}}[40]::fmt[0],35ce4c4d5eb5c1ccbf712088b5a81972,pe.utility.implement_utility.fmt,borrow of packed field
1241071,rust_extra,156ff18b2f63fa66,rust_extra[930c]::arrays[0]::{{impl}}[91]::get_unchecked_mut[0],63ed61e68cd0e104e1143143558dcb,rust_extra.arrays.implement_arrays.get_unchecked_mut,borrow of packed field
1254713,rust_extra,156ff18b2f63fa66,rust_extra[930c]::arrays[0]::{{impl}}[113]::into_iter[0],6229d416cd2291c4195c60c7c2f4b96f,rust_extra.arrays.implement_arrays.into_iter,borrow of packed field
1255070,rust_extra,156ff18b2f63fa66,rust_extra[930c]::arrays[0]::{{impl}}[65]::get_unchecked_mut[0],c87855bdfb3c3ea242ddb384cce56e,rust_extra.arrays.implement_arrays.get_unchecked_mut,borrow of packed field
1264015,pe,d772e081044817cc,pe[5631]::{{impl}}[0]::get_size_of_headers[0],2439daf21555f764484d77a0e74aed6d,pe.implement.get_size_of_headers,borrow of packed field
1266517,rust_extra,156ff18b2f63fa66,rust_extra[930c]::arrays[0]::{{impl}}[126]::into_iter[0],ebb4244a73f9e19539a3cc0dfd42e091,rust_extra.arrays.implement_arrays.into_iter,borrow of packed field
1267291,rust_extra,156ff18b2f63fa66,rust_extra[930c]::arrays[0]::{{impl}}[52]::as_ptr[0],f75dd4d69bfdedc44054ca1f525a903b,rust_extra.arrays.implement_arrays.as_ptr,borrow of packed field
1281235,minidump,e5761667c9fbc72f,minidump[cf38]::minidump[0]::{{impl}}[12]::print[0],601de73811abc141780f325dc1d2782d,minidump.minidump.implement_minidump.print,borrow of packed field
1290868,emerald_rs,1b29922d9417914,emerald_rs[d422]::hdwallet[0]::apdu[0]::{{impl}}[3]::len[0],33808e8c560b80c95e9fce15d5f21137,emerald_rs.hdwallet.apdu.implement_apdu.len,borrow of packed field
1300197,elrond,9ff59a474db56cd8,elrond[b804]::symtable[0]::symtable64[0]::{{impl}}[14]::clone[0],5012c3dbbae2d77ccd671a76e52e92f6,elrond.symtable.symtable64.implement_symtable64.clone,borrow of packed field
1305446,rust_extra,156ff18b2f63fa66,rust_extra[930c]::arrays[0]::{{impl}}[104]::get_unchecked_mut[0],f134b515fbe7680cdbf08631884e733b,rust_extra.arrays.implement_arrays.get_unchecked_mut,borrow of packed field
1316326,orbclient,b6461bc6aec8299a,orbclient[a058]::renderer[0]::Renderer[0]::box_blur[0],cd992e3f109ecc695439239d55b88678,orbclient.renderer.Renderer.box_blur,borrow of packed field
1320928,rust_extra,156ff18b2f63fa66,rust_extra[930c]::arrays[0]::{{impl}}[128]::as_ref[0],294aa7065d1834b32e5d40689fbfde09,rust_extra.arrays.implement_arrays.as_ref,borrow of packed field
1323256,rust_extra,156ff18b2f63fa66,rust_extra[930c]::arrays[0]::{{impl}}[13]::get_unchecked_mut[0],bde52d16a2ae43838a334f390aa461f7,rust_extra.arrays.implement_arrays.get_unchecked_mut,borrow of packed field
1341629,rust_extra,156ff18b2f63fa66,rust_extra[930c]::arrays[0]::{{impl}}[117]::get_unchecked_mut[0],eec03f38929f1657bafcc404afc4c892,rust_extra.arrays.implement_arrays.get_unchecked_mut,borrow of packed field
1347096,coreboot_table,868dac5bdab66cd0,coreboot_table[922f]::cmos[0]::{{impl}}[5]::fmt[0],9fc9644eea690b8483a1c8f97c960bfd,coreboot_table.cmos.implement_cmos.fmt,borrow of packed field
1373449,rust_extra,156ff18b2f63fa66,rust_extra[930c]::arrays[0]::{{impl}}[58]::ge[0],9ab7290bd5d92be29cf1f510014b41e5,rust_extra.arrays.implement_arrays.ge,borrow of packed field
1378633,pe,d772e081044817cc,pe[5631]::utility[0]::{{impl}}[21]::partial_cmp[0],246e4fb29c6576f968c912dd29c9a06e,pe.utility.implement_utility.partial_cmp,borrow of packed field
1383895,rust_extra,156ff18b2f63fa66,rust_extra[930c]::arrays[0]::{{impl}}[45]::le[0],318e942c8fda0f211ad05c018f9c11c5,rust_extra.arrays.implement_arrays.le,borrow of packed field
1398121,syscall,74324622c729e00f,syscall[8598]::io[0]::mmio[0]::{{impl}}[1]::read[0],9869c8d8fc5ca2d933fb28a5a69e0672,syscall.io.mmio.implement_mmio.read,borrow of packed field
1416205,rust_extra,156ff18b2f63fa66,rust_extra[930c]::arrays[0]::{{impl}}[52]::get_unchecked_mut[0],5136a4d4ef8a1d25d9591ac1788c35a3,rust_extra.arrays.implement_arrays.get_unchecked_mut,borrow of packed field
1421899,rust_extra,156ff18b2f63fa66,rust_extra[930c]::arrays[0]::{{impl}}[139]::into_iter[0],89596b9367e35808c17312b23be3b74d,rust_extra.arrays.implement_arrays.into_iter,borrow of packed field
1437779,rux,d61afb7ffb413801,rux[550a]::server[0]::{{impl}}[3]::ready[0],86cfa7599dbd4442a11f678b6b1f4eae,rux.server.implement_server.ready,borrow of packed field
1456332,rust_extra,156ff18b2f63fa66,rust_extra[930c]::arrays[0]::{{impl}}[65]::get_unchecked[0],f4cee98d5215c44b123258dcb90fed60,rust_extra.arrays.implement_arrays.get_unchecked,borrow of packed field
1482546,tokio_linux_uhid,af26c35e711d73,tokio_linux_uhid[e523]::uhid_codec[0]::decode_event[0],2a6837f4ac473af6da257cdcaffff5c9,tokio_linux_uhid.uhid_codec.decode_event,borrow of packed field
1494921,rust_extra,156ff18b2f63fa66,rust_extra[930c]::arrays[0]::{{impl}}[52]::as_mut_ptr[0],598b1509366364725bb542f951e81bfc,rust_extra.arrays.implement_arrays.as_mut_ptr,borrow of packed field
1498298,rust_extra,156ff18b2f63fa66,rust_extra[930c]::arrays[0]::{{impl}}[0]::as_mut_ptr[0],54b50344bc140015a39d118ef6a2e636,rust_extra.arrays.implement.as_mut_ptr,borrow of packed field
1503367,rust_extra,156ff18b2f63fa66,rust_extra[930c]::arrays[0]::{{impl}}[12]::as_mut[0],3ca8f82cf0bd1c4f2c1a3c93a5e10f4c,rust_extra.arrays.implement_arrays.as_mut,borrow of packed field
1504203,rust_extra,156ff18b2f63fa66,rust_extra[930c]::arrays[0]::{{impl}}[142]::as_mut[0],a89e17f96e399ee48060cb21332d8703,rust_extra.arrays.implement_arrays.as_mut,borrow of packed field
1516362,rust_extra,156ff18b2f63fa66,rust_extra[930c]::arrays[0]::{{impl}}[39]::get_unchecked_mut[0],ab797c7ba9f51ecf8d25ed2bb07d60b5,rust_extra.arrays.implement_arrays.get_unchecked_mut,borrow of packed field
1526525,rust_extra,156ff18b2f63fa66,rust_extra[930c]::arrays[0]::{{impl}}[71]::le[0],7e7afa9fe49e9f38ad4bf6209116ddfb,rust_extra.arrays.implement_arrays.le,borrow of packed field
1528327,minidump_common,8b3ea2540af5f235,minidump_common[e37e]::format[0]::{{impl}}[10]::sse_registers[0],b87bcdb1708862c24ad9b26d826f596,minidump_common.format.implement_format.sse_registers,borrow of packed field
1534262,rust_extra,156ff18b2f63fa66,rust_extra[930c]::arrays[0]::{{impl}}[94]::fmt[0],69ac9ca0bf7aedec32a3b4db500e187f,rust_extra.arrays.implement_arrays.fmt,borrow of packed field
1547750,rust_extra,156ff18b2f63fa66,rust_extra[930c]::arrays[0]::{{impl}}[147]::eq[0],b05e440956b2eb43799a9c0778ed29d1,rust_extra.arrays.implement_arrays.eq,borrow of packed field
1563862,rust_extra,156ff18b2f63fa66,rust_extra[930c]::arrays[0]::{{impl}}[56]::eq[0],f9149f840fdbaacaf08c4037f0ae4425,rust_extra.arrays.implement_arrays.eq,borrow of packed field
1563967,rust_extra,156ff18b2f63fa66,rust_extra[930c]::arrays[0]::{{impl}}[143]::get_unchecked[0],22eb5dc348defae9b23721211342328,rust_extra.arrays.implement_arrays.get_unchecked,borrow of packed field
1570119,rust_extra,156ff18b2f63fa66,rust_extra[930c]::arrays[0]::{{impl}}[4]::eq[0],d1e7ec236358576e96ab08a08e3f701e,rust_extra.arrays.implement_arrays.eq,borrow of packed field
1577258,vtf,655a7762d9873ed3,vtf[177a]::vtf[0]::{{impl}}[0]::read[0],14d2d11ce0ee399d5a8eca075ec7e390,vtf.vtf.implement.read,borrow of packed field
1578817,rust_extra,156ff18b2f63fa66,rust_extra[930c]::arrays[0]::{{impl}}[149]::lt[0],29984f0c8a1defa1f361b705ad08d72a,rust_extra.arrays.implement_arrays.lt,borrow of packed field
1590565,brash,34e79916fa5106c6,brash[b72c]::foo[0],a57eb253a72656087aeb98ab163864fe,brash.foo,borrow of packed field
1593664,rust_extra,156ff18b2f63fa66,rust_extra[930c]::arrays[0]::{{impl}}[62]::into_iter[0],9fa74d00a6f92481b222a367912e8e92,rust_extra.arrays.implement_arrays.into_iter,borrow of packed field
1602866,p0f_api,4e56ade3091ec7c,p0f_api[7d2c]::{{impl}}[0]::query[0],15f13714708965be8ef45315edf88edc,p0f_api.implement.query,borrow of packed field
1612631,coreboot_table,868dac5bdab66cd0,coreboot_table[922f]::header[0]::{{impl}}[1]::fmt[0],c44ab5caf0075cd397af1cf3b8bf26d4,coreboot_table.header.implement_header.fmt,borrow of packed field
1622039,redoxfs,4094856f57e40cfa,redoxfs[9edf]::node[0]::{{impl}}[1]::fmt[0],9f3f3ece92b228386a60bf13bebd7708,redoxfs.node.implement_node.fmt,borrow of packed field
1624872,acpi,f9d0fbdb33856957,acpi[a083]::madt[0]::{{impl}}[0]::supports_8259[0],4e40e4a5a816ac873641fb0ba10ec283,acpi.madt.implement.supports_8259,borrow of packed field
1643078,rust_extra,156ff18b2f63fa66,rust_extra[930c]::arrays[0]::{{impl}}[19]::lt[0],89077a4b73b02565e4812d05077badae,rust_extra.arrays.implement_arrays.lt,borrow of packed field
1652101,rpcap,a3d6e496773bad52,rpcap[f8c1]::def[0]::{{impl}}[6]::switch_endianness[0],cb55a04a94a1df1d65e9984987ec348c,rpcap.def.implement_def.switch_endianness,borrow of packed field
1680403,rust_extra,156ff18b2f63fa66,rust_extra[930c]::arrays[0]::{{impl}}[127]::into_iter[0],d47979f86ac16d203fc4b4ab72e9b050,rust_extra.arrays.implement_arrays.into_iter,borrow of packed field
1683109,rust_extra,156ff18b2f63fa66,rust_extra[930c]::arrays[0]::{{impl}}[47]::hash[0],23423ff1a83a7b50625f3c3c9d25b051,rust_extra.arrays.implement_arrays.hash,borrow of packed field
1695567,rust_extra,156ff18b2f63fa66,rust_extra[930c]::arrays[0]::{{impl}}[73]::hash[0],ee628a1792ceddbbb4352576d2882efa,rust_extra.arrays.implement_arrays.hash,borrow of packed field
1696448,rust_extra,156ff18b2f63fa66,rust_extra[930c]::arrays[0]::{{impl}}[75]::into_iter[0],fbab5910323dafd8e6a5949bd8ed76c7,rust_extra.arrays.implement_arrays.into_iter,borrow of packed field
1697923,rust_extra,156ff18b2f63fa66,rust_extra[930c]::arrays[0]::{{impl}}[111]::cmp[0],8fd27b88165d14ecf20f5bbaa2bb7b5b,rust_extra.arrays.implement_arrays.cmp,borrow of packed field
1720405,coreboot_table,868dac5bdab66cd0,coreboot_table[922f]::framebuffer[0]::{{impl}}[1]::clone[0],210ebd10b3716c2b652fff9e8dd31ab1,coreboot_table.framebuffer.implement_framebuffer.clone,borrow of packed field
1721939,rust_extra,156ff18b2f63fa66,rust_extra[930c]::arrays[0]::{{impl}}[78]::get_unchecked_mut[0],1e81b5fc5120c47d404a0fadee20198,rust_extra.arrays.implement_arrays.get_unchecked_mut,borrow of packed field
1728060,zfs,54b2e16997fa8427,zfs[576d]::main[0],7ca646e278b93a53bc3e30e6203c2965,zfs.main,borrow of packed field
1735013,rust_extra,156ff18b2f63fa66,rust_extra[930c]::arrays[0]::{{impl}}[78]::as_mut_ptr[0],50d8aeb6327fdd5961fe0b483a019f2e,rust_extra.arrays.implement_arrays.as_mut_ptr,borrow of packed field
1747538,coreboot_table,868dac5bdab66cd0,coreboot_table[922f]::cmos[0]::{{impl}}[7]::fmt[0],fba5f73f0078e0ae68be8c38c4d01626,coreboot_table.cmos.implement_cmos.fmt,borrow of packed field
1759611,rust_extra,156ff18b2f63fa66,rust_extra[930c]::arrays[0]::{{impl}}[45]::gt[0],3d2d52f03a6a155da47cbf3e48c3cfa1,rust_extra.arrays.implement_arrays.gt,borrow of packed field
1793590,rust_extra,156ff18b2f63fa66,rust_extra[930c]::arrays[0]::{{impl}}[86]::hash[0],8eba791c7003919e8d51fd7abb60bb86,rust_extra.arrays.implement_arrays.hash,borrow of packed field
1810135,rust_extra,156ff18b2f63fa66,rust_extra[930c]::arrays[0]::{{impl}}[97]::gt[0],83b8ca81bf319b4ddf42a44b63761dc8,rust_extra.arrays.implement_arrays.gt,borrow of packed field
1820506,yubikey,9048f3917dd17e91,yubikey[e1b0]::config[0]::{{impl}}[2]::fmt[0],8992623a72ee5a0f40dd8f65ffdf351,yubikey.config.implement_config.fmt,borrow of packed field
1831924,rust_extra,156ff18b2f63fa66,rust_extra[930c]::arrays[0]::{{impl}}[149]::partial_cmp[0],ae7210ebae918fa8b06834276962792,rust_extra.arrays.implement_arrays.partial_cmp,borrow of packed field
1837495,hwio,1f3e40ea2153fbd7,hwio[5988]::mmio[0]::{{impl}}[1]::read[0],3bbf696968daec5eb67eb9a944295c07,hwio.mmio.implement_mmio.read,borrow of packed field
1837899,rust_extra,156ff18b2f63fa66,rust_extra[930c]::arrays[0]::{{impl}}[13]::as_mut_ptr[0],17398018fa96ebe1bd2e41a3d2f465a6,rust_extra.arrays.implement_arrays.as_mut_ptr,borrow of packed field
1838566,rust_extra,156ff18b2f63fa66,rust_extra[930c]::arrays[0]::{{impl}}[108]::eq[0],9758c6df54fb514ad427a25b3cda264b,rust_extra.arrays.implement_arrays.eq,borrow of packed field
1849771,rust_extra,156ff18b2f63fa66,rust_extra[930c]::arrays[0]::{{impl}}[25]::as_mut[0],ad4feb750009972147f290440e33dff2,rust_extra.arrays.implement_arrays.as_mut,borrow of packed field
1853010,rust_extra,156ff18b2f63fa66,rust_extra[930c]::arrays[0]::{{impl}}[23]::into_iter[0],cbf08067acbfc851802083709253053d,rust_extra.arrays.implement_arrays.into_iter,borrow of packed field
1876585,rust_extra,156ff18b2f63fa66,rust_extra[930c]::arrays[0]::{{impl}}[124]::cmp[0],994bcca91b00375418baa0a6fd15bbc4,rust_extra.arrays.implement_arrays.cmp,borrow of packed field
1883890,pe,d772e081044817cc,pe[5631]::utility[0]::{{impl}}[36]::eq[0],8f657eb31f27e9e42a1cb05ee4df09e5,pe.utility.implement_utility.eq,borrow of packed field
1889729,rust_extra,156ff18b2f63fa66,rust_extra[930c]::arrays[0]::{{impl}}[19]::ge[0],1d2c535e3d6e4c4849d90ca290ffb751,rust_extra.arrays.implement_arrays.ge,borrow of packed field
1894866,emerald_rs,1b29922d9417914,emerald_rs[d422]::hdwallet[0]::comm[0]::sendrecv[0],66d9e2fd559bebc2309996657f6c071e,emerald_rs.hdwallet.comm.sendrecv,borrow of packed field
1911119,haru,81897bcc1c073665,haru[58bd]::vmbindings[0]::foreignc[0]::foreignc[0]::value_print[0],374f73b7a1a91438bc40d3d4b30d0e7f,haru.vmbindings.foreignc.foreignc.value_print,borrow of packed field
1914464,orbclient,b6461bc6aec8299a,orbclient[a058]::renderer[0]::Renderer[0]::pixel[0],b853091ef8c40668cf828f23bff80278,orbclient.renderer.Renderer.pixel,borrow of packed field
1915929,uhid_fs,e262c2a9a9fa1d50,uhid_fs[d0cb]::codec[0]::{{impl}}[1]::try_from[0],2526502ed27649da2404cc5742517f94,uhid_fs.codec.implement_codec.try_from,borrow of packed field
1955514,rust_extra,156ff18b2f63fa66,rust_extra[930c]::arrays[0]::{{impl}}[77]::as_mut[0],7b93197452737ed9d5c244e77e9c76cf,rust_extra.arrays.implement_arrays.as_mut,borrow of packed field
1957045,elrond,9ff59a474db56cd8,elrond[b804]::symtable[0]::symtable64[0]::{{impl}}[0]::new[0],51ea7fb6bb11f3eef210b046778333b9,elrond.symtable.symtable64.implement.new,borrow of packed field
1971603,rust_extra,156ff18b2f63fa66,rust_extra[930c]::arrays[0]::{{impl}}[149]::le[0],8b1236adea7aa8101022c1c040e91e66,rust_extra.arrays.implement_arrays.le,borrow of packed field
1982518,orbclient,b6461bc6aec8299a,orbclient[a058]::renderer[0]::Renderer[0]::image_fast[0],eea26a0fee847a3cccf54607742a46a0,orbclient.renderer.Renderer.image_fast,borrow of packed field
1997667,emerald_rs,1b29922d9417914,emerald_rs[d422]::hdwallet[0]::apdu[0]::{{impl}}[1]::clone[0],f6b260f820f695db60c072dcc8268fcc,emerald_rs.hdwallet.apdu.implement_apdu.clone,borrow of packed field
2007323,rust_extra,156ff18b2f63fa66,rust_extra[930c]::arrays[0]::{{impl}}[98]::cmp[0],f3220142fb1e8cde4ae79569f4ba0283,rust_extra.arrays.implement_arrays.cmp,borrow of packed field
2016898,rust_extra,156ff18b2f63fa66,rust_extra[930c]::arrays[0]::{{impl}}[104]::as_mut_ptr[0],12db934e231ed6ae8bece00212a364d2,rust_extra.arrays.implement_arrays.as_mut_ptr,borrow of packed field
2017128,libopencm3_sys,8eed6dfb20dbb611,libopencm3_sys[f827]::{{impl}}[6]::tSamFreq[0],14429a2352d2d0eed62bdeb96444535a,libopencm3_sys.implement_6.tSamFreq,borrow of packed field
2029470,rust_extra,156ff18b2f63fa66,rust_extra[930c]::arrays[0]::{{impl}}[146]::fmt[0],ac6d9acd94c7da88dbc7e34f81768185,rust_extra.arrays.implement_arrays.fmt,borrow of packed field
2035630,rust_extra,156ff18b2f63fa66,rust_extra[930c]::arrays[0]::{{impl}}[58]::lt[0],2c91d9f26c33cc9a97f9b32168d34ab2,rust_extra.arrays.implement_arrays.lt,borrow of packed field
2058884,rust_extra,156ff18b2f63fa66,rust_extra[930c]::arrays[0]::{{impl}}[39]::get_unchecked[0],5e9647da35bbcb7b146208297069b3ff,rust_extra.arrays.implement_arrays.get_unchecked,borrow of packed field
2060761,gjio,a6e02bd74c2d877c,gjio[52f5]::sys[0]::unix[0]::epoll[0]::{{impl}}[0]::run_once[0],a8a0a763b09b8643a6f00419c1c7ddfe,gjio.sys.unix.epoll.implement.run_once,borrow of packed field
2075416,rust_extra,156ff18b2f63fa66,rust_extra[930c]::arrays[0]::{{impl}}[26]::get_unchecked[0],fe5b6b00d104eb78e5d15335d3b97fe,rust_extra.arrays.implement_arrays.get_unchecked,borrow of packed field
2080764,rpi_led_matrix,917c5e92dc6fc34b,rpi_led_matrix[894f]::c[0]::{{impl}}[3]::fmt[0],1981da773170ab8cfb53595f68d887d9,rpi_led_matrix.c.implement_c.fmt,borrow of packed field
2093113,rust_extra,156ff18b2f63fa66,rust_extra[930c]::arrays[0]::{{impl}}[125]::hash[0],33253536fafd2a5cda55852d7171a2e1,rust_extra.arrays.implement_arrays.hash,borrow of packed field
2102244,p0f_api,4e56ade3091ec7c,p0f_api[7d2c]::{{impl}}[1]::from_raw_response[0],302757081bc5a168fb1adb8d2488f02d,p0f_api.implement_1.from_raw_response,borrow of packed field
2115208,rust_extra,156ff18b2f63fa66,rust_extra[930c]::arrays[0]::{{impl}}[84]::partial_cmp[0],65ea5276fce9c59ffe1d787793deb72d,rust_extra.arrays.implement_arrays.partial_cmp,borrow of packed field
2129729,rust_extra,156ff18b2f63fa66,rust_extra[930c]::arrays[0]::{{impl}}[48]::into_iter[0],ad55e035865ae9245a128973ea30fd54,rust_extra.arrays.implement_arrays.into_iter,borrow of packed field
2129846,rust_extra,156ff18b2f63fa66,rust_extra[930c]::arrays[0]::{{impl}}[81]::fmt[0],ce84a6b06129968f7f735965271274bc,rust_extra.arrays.implement_arrays.fmt,borrow of packed field
2130314,vpk,aa801b481107c880,vpk[bdaa]::vpk[0]::{{impl}}[0]::read[0],68a1471f5ac0e2741388126ef2649196,vpk.vpk.implement.read,borrow of packed field
2132854,rust_extra,156ff18b2f63fa66,rust_extra[930c]::arrays[0]::{{impl}}[84]::le[0],3b5ac5ef3073e952df1e5daac17fde12,rust_extra.arrays.implement_arrays.le,borrow of packed field
2151240,rust_extra,156ff18b2f63fa66,rust_extra[930c]::arrays[0]::{{impl}}[123]::ge[0],a638e039654a52d9b002ba557a0a545e,rust_extra.arrays.implement_arrays.ge,borrow of packed field
2155160,rust_extra,156ff18b2f63fa66,rust_extra[930c]::arrays[0]::{{impl}}[16]::fmt[0],73596426508c696d9e719360b8e7628a,rust_extra.arrays.implement_arrays.fmt,borrow of packed field
2160861,dmi,8471fcce61989881,dmi[3116]::{{impl}}[30]::fmt[0],87ce0bc60fe3e3ed616b50f90ab35df,dmi.implement_30.fmt,borrow of packed field
2165789,rust_extra,156ff18b2f63fa66,rust_extra[930c]::arrays[0]::{{impl}}[136]::le[0],a710320fa788609037db8983d7be3e33,rust_extra.arrays.implement_arrays.le,borrow of packed field
2167132,coreboot_table,868dac5bdab66cd0,coreboot_table[922f]::serial[0]::{{impl}}[0]::fmt[0],262ef76a8b9c35235a877c5588eee940,coreboot_table.serial.implement.fmt,borrow of packed field
2170870,rust_extra,156ff18b2f63fa66,rust_extra[930c]::arrays[0]::{{impl}}[49]::into_iter[0],edbbc2e7a04d6d4f631b465680379b83,rust_extra.arrays.implement_arrays.into_iter,borrow of packed field
2177064,rust_extra,156ff18b2f63fa66,rust_extra[930c]::arrays[0]::{{impl}}[151]::hash[0],ab339dae6d61e70785049d08fe975e03,rust_extra.arrays.implement_arrays.hash,borrow of packed field
2191851,rust_extra,156ff18b2f63fa66,rust_extra[930c]::arrays[0]::{{impl}}[100]::into_iter[0],84c88f963a8a7e4be501790e1732d7c3,rust_extra.arrays.implement_arrays.into_iter,borrow of packed field
2201104,rust_extra,156ff18b2f63fa66,rust_extra[930c]::arrays[0]::{{impl}}[130]::get_unchecked[0],125ab51af40c6930616fda89fa6c89a8,rust_extra.arrays.implement_arrays.get_unchecked,borrow of packed field
2208618,rust_extra,156ff18b2f63fa66,rust_extra[930c]::arrays[0]::{{impl}}[17]::eq[0],1a9a3444052f032a96128a19cb252d86,rust_extra.arrays.implement_arrays.eq,borrow of packed field
2215020,minidump,e5761667c9fbc72f,minidump[cf38]::minidump[0]::guid_to_string[0],93a6615133d818c355e5b8a10fa76327,minidump.minidump.guid_to_string,borrow of packed field
2257992,rust_extra,156ff18b2f63fa66,rust_extra[930c]::arrays[0]::{{impl}}[74]::into_iter[0],61111b91372b58bb5ad91555db3d4c2a,rust_extra.arrays.implement_arrays.into_iter,borrow of packed field
2271973,rust_extra,156ff18b2f63fa66,rust_extra[930c]::arrays[0]::{{impl}}[88]::into_iter[0],6e0acf9d3045ced34dc91abfb490481d,rust_extra.arrays.implement_arrays.into_iter,borrow of packed field
2286969,rust_extra,156ff18b2f63fa66,rust_extra[930c]::arrays[0]::{{impl}}[82]::eq[0],534122f2101ce4ecf6f9dae60ef38837,rust_extra.arrays.implement_arrays.eq,borrow of packed field
2304332,minidump,e5761667c9fbc72f,minidump[cf38]::minidump[0]::{{impl}}[4]::debug_identifier[0],bdeee91e541135909b6b6b8536ec2b8f,minidump.minidump.implement_minidump.debug_identifier,borrow of packed field
2313652,tendril,5a204546fc7da903,tendril[81fc]::tendril[0]::{{impl}}[5]::drop[0],18f8f87635f8b94268ba2bd5e1a1b851,tendril.tendril.implement_tendril.drop,borrow of packed field
2313985,rplidar_drv,6bd21d6f86f008bb,rplidar_drv[f3b9]::ultra_capsuled_parser[0]::parse_ultra_capsuled[0],6a3210218480336629b141252ca85027,rplidar_drv.ultra_capsuled_parser.parse_ultra_capsuled,borrow of packed field
2318059,rust_extra,156ff18b2f63fa66,rust_extra[930c]::arrays[0]::{{impl}}[46]::cmp[0],12a2f628a5366e199c02c36d3b5149cc,rust_extra.arrays.implement_arrays.cmp,borrow of packed field
2321373,rust_extra,156ff18b2f63fa66,rust_extra[930c]::arrays[0]::{{impl}}[129]::as_mut[0],fe8b25bb4c3d4f2dee30a1b9e38cc521,rust_extra.arrays.implement_arrays.as_mut,borrow of packed field
2355774,rust_extra,156ff18b2f63fa66,rust_extra[930c]::arrays[0]::{{impl}}[11]::as_ref[0],5f2655924655a1869e8efe346f038912,rust_extra.arrays.implement_arrays.as_ref,borrow of packed field
2366159,coreboot_table,868dac5bdab66cd0,coreboot_table[922f]::cmos[0]::{{impl}}[4]::fmt[0],e60d407484ce3b67b833cc9d37d717f4,coreboot_table.cmos.implement_cmos.fmt,borrow of packed field
2373288,rust_extra,156ff18b2f63fa66,rust_extra[930c]::arrays[0]::{{impl}}[97]::lt[0],e15ea7c57767e917302d16979f61e7e4,rust_extra.arrays.implement_arrays.lt,borrow of packed field
2382701,rust_extra,156ff18b2f63fa66,rust_extra[930c]::arrays[0]::{{impl}}[52]::get_unchecked[0],121ee37e845351357b5cd734d1ca337e,rust_extra.arrays.implement_arrays.get_unchecked,borrow of packed field
2386429,rust_extra,156ff18b2f63fa66,rust_extra[930c]::arrays[0]::{{impl}}[91]::get_unchecked[0],d5489d90dcdf815d407258e002cff9fe,rust_extra.arrays.implement_arrays.get_unchecked,borrow of packed field
2394669,rust_extra,156ff18b2f63fa66,rust_extra[930c]::arrays[0]::{{impl}}[3]::fmt[0],bc54937d0411396d95ea2b408f839c24,rust_extra.arrays.implement_arrays.fmt,borrow of packed field
2409392,rust_extra,156ff18b2f63fa66,rust_extra[930c]::arrays[0]::{{impl}}[103]::as_mut[0],b3fec702441e369a55775d6e9abf8631,rust_extra.arrays.implement_arrays.as_mut,borrow of packed field
2413050,rust_extra,156ff18b2f63fa66,rust_extra[930c]::arrays[0]::{{impl}}[39]::as_ptr[0],431ad762d7370e69ac70df2892d2ef5c,rust_extra.arrays.implement_arrays.as_ptr,borrow of packed field
2416900,rust_extra,156ff18b2f63fa66,rust_extra[930c]::arrays[0]::{{impl}}[102]::as_ref[0],899b646a6ad331dc9e6d444f7e4e102a,rust_extra.arrays.implement_arrays.as_ref,borrow of packed field
2426727,rust_extra,156ff18b2f63fa66,rust_extra[930c]::arrays[0]::{{impl}}[78]::get_unchecked[0],b0e43c79db1cf6603e8cc131c3c3b1ef,rust_extra.arrays.implement_arrays.get_unchecked,borrow of packed field
2428439,minidump,e5761667c9fbc72f,minidump[cf38]::minidump[0]::{{impl}}[4]::code_identifier[0],139d51cdeb1a6c716d0842a872b75800,minidump.minidump.implement_minidump.code_identifier,borrow of packed field
2439598,rust_extra,156ff18b2f63fa66,rust_extra[930c]::arrays[0]::{{impl}}[35]::into_iter[0],684c046cec43aee14923398777f3f3d3,rust_extra.arrays.implement_arrays.into_iter,borrow of packed field
2448655,rust_extra,156ff18b2f63fa66,rust_extra[930c]::arrays[0]::{{impl}}[0]::get_unchecked_mut[0],aa842c896a03eba7f2ef22df091a27a,rust_extra.arrays.implement.get_unchecked_mut,borrow of packed field
2460788,rust_extra,156ff18b2f63fa66,rust_extra[930c]::arrays[0]::{{impl}}[91]::as_ptr[0],7ae132512382919dfa6cac5f8e648b54,rust_extra.arrays.implement_arrays.as_ptr,borrow of packed field
2465571,rust_extra,156ff18b2f63fa66,rust_extra[930c]::arrays[0]::{{impl}}[58]::gt[0],d4610babe5a5202581eb176c3cef3f9,rust_extra.arrays.implement_arrays.gt,borrow of packed field
2466551,dmi,8471fcce61989881,dmi[3116]::{{impl}}[20]::clone[0],f7a1f874b445a1bad09b74ab7f957244,dmi.implement_20.clone,borrow of packed field
2467385,rust_extra,156ff18b2f63fa66,rust_extra[930c]::arrays[0]::{{impl}}[8]::hash[0],fead9dcb885e4e6437c7d97b86e1b60d,rust_extra.arrays.implement_arrays.hash,borrow of packed field
2478234,coreboot_table,868dac5bdab66cd0,coreboot_table[922f]::memory[0]::{{impl}}[2]::fmt[0],5953cabf0c7d067e198bbeee3ce4a00d,coreboot_table.memory.implement_memory.fmt,borrow of packed field
2486355,rust_extra,156ff18b2f63fa66,rust_extra[930c]::arrays[0]::{{impl}}[117]::as_mut_ptr[0],97ba35fa1705746b3a23820eb9e363bb,rust_extra.arrays.implement_arrays.as_mut_ptr,borrow of packed field
2487504,rust_extra,156ff18b2f63fa66,rust_extra[930c]::arrays[0]::{{impl}}[117]::as_ptr[0],5c4ae4b7660d5c29997c5d460888072e,rust_extra.arrays.implement_arrays.as_ptr,borrow of packed field
2491900,rust_extra,156ff18b2f63fa66,rust_extra[930c]::arrays[0]::{{impl}}[50]::as_ref[0],e15cbc14b9406861f3b21d46e2c051c4,rust_extra.arrays.implement_arrays.as_ref,borrow of packed field
2501989,rust_extra,156ff18b2f63fa66,rust_extra[930c]::arrays[0]::{{impl}}[19]::partial_cmp[0],3bf6c8abfa54530192df7185b0e331e4,rust_extra.arrays.implement_arrays.partial_cmp,borrow of packed field
2523212,rust_extra,156ff18b2f63fa66,rust_extra[930c]::arrays[0]::{{impl}}[0]::as_ptr[0],2fc47df72d5f8cd6f619e773e04e71e,rust_extra.arrays.implement.as_ptr,borrow of packed field
2539847,pe,d772e081044817cc,pe[5631]::utility[0]::{{impl}}[39]::cmp[0],56fd9aba79315948cb9a82763bbad397,pe.utility.implement_utility.cmp,borrow of packed field
2547158,libopencm3_sys,8eed6dfb20dbb611,libopencm3_sys[f827]::{{impl}}[5]::set_tLowerSamFreq[0],8478439dc8eb9169f58d24f3038b034b,libopencm3_sys.implement_5.set_tLowerSamFreq,borrow of packed field
2552771,emerald_rs,1b29922d9417914,emerald_rs[d422]::hdwallet[0]::apdu[0]::{{impl}}[4]::with_data[0],b2a8a88f9e1e9260b135887b1041852a,emerald_rs.hdwallet.apdu.implement_apdu.with_data,borrow of packed field
2559964,rust_extra,156ff18b2f63fa66,rust_extra[930c]::arrays[0]::{{impl}}[45]::ge[0],486467de1ad6e25ab4ff38e4ee8133ca,rust_extra.arrays.implement_arrays.ge,borrow of packed field
2564106,rust_extra,156ff18b2f63fa66,rust_extra[930c]::arrays[0]::{{impl}}[59]::cmp[0],deeb7ae7adcfa2179f52b3be4d0d7f85,rust_extra.arrays.implement_arrays.cmp,borrow of packed field
2566455,minidump,e5761667c9fbc72f,minidump[cf38]::minidump[0]::{{impl}}[0]::print[0],2a8f6e57a0896be6584e4e7a68c41e44,minidump.minidump.implement.print,borrow of packed field
2573049,zfs,54b2e16997fa8427,zfs[576d]::zap[0]::{{impl}}[3]::fmt[0],d3595ef5372ababa48d572e736ce8fe9,zfs.zap.implement_zap.fmt,borrow of packed field
2576704,rust_extra,156ff18b2f63fa66,rust_extra[930c]::arrays[0]::{{impl}}[38]::as_mut[0],3fd88b60bde37b76ae8d9c92a21498c,rust_extra.arrays.implement_arrays.as_mut,borrow of packed field
2576812,rust_extra,156ff18b2f63fa66,rust_extra[930c]::arrays[0]::{{impl}}[120]::fmt[0],b89c3052e4fef1bff3d5e8899cdd3ed0,rust_extra.arrays.implement_arrays.fmt,borrow of packed field
2582239,rust_extra,156ff18b2f63fa66,rust_extra[930c]::arrays[0]::{{impl}}[32]::lt[0],eea7941ca3a8dc2068df2102b899160a,rust_extra.arrays.implement_arrays.lt,borrow of packed field
2587288,rust_extra,156ff18b2f63fa66,rust_extra[930c]::arrays[0]::{{impl}}[84]::gt[0],a2ea7cbd2486976ad9442bca4477d0d,rust_extra.arrays.implement_arrays.gt,borrow of packed field
2588355,rust_extra,156ff18b2f63fa66,rust_extra[930c]::arrays[0]::{{impl}}[26]::get_unchecked_mut[0],dc45ef4d0f817d47a2e9d48d8c6180a,rust_extra.arrays.implement_arrays.get_unchecked_mut,borrow of packed field
2590561,td_revent,b717125ba4fea66d,td_revent[5dfa]::sys[0]::unix[0]::epoll[0]::{{impl}}[2]::do_select[0],77f2da13b368dfcfac2ee230e6a9d63e,td_revent.sys.unix.epoll.implement_epoll.do_select,borrow of packed field
2591869,traildb,3d1933461c1add56,traildb[aafe]::{{impl}}[13]::from_tdb_event[0],b456de14ce8c74b4bbca64087e121e,traildb.implement_13.from_tdb_event,borrow of packed field
2608776,coreboot_table,868dac5bdab66cd0,coreboot_table[922f]::forward[0]::{{impl}}[0]::fmt[0],e2041ce3f9a20719d2c0a275c6d54297,coreboot_table.forward.implement.fmt,borrow of packed field
2627148,rust_extra,156ff18b2f63fa66,rust_extra[930c]::arrays[0]::{{impl}}[104]::as_ptr[0],efd3f4e58996e68274b6b473b2bcd389,rust_extra.arrays.implement_arrays.as_ptr,borrow of packed field
2630425,rust_extra,156ff18b2f63fa66,rust_extra[930c]::arrays[0]::{{impl}}[30]::eq[0],4db263b2037eb79b61be76156d59f828,rust_extra.arrays.implement_arrays.eq,borrow of packed field
2642985,rust_extra,156ff18b2f63fa66,rust_extra[930c]::arrays[0]::{{impl}}[6]::ge[0],e9c016330c5decba1f9cb5e2e7b396a9,rust_extra.arrays.implement_arrays.ge,borrow of packed field
2656132,rust_extra,156ff18b2f63fa66,rust_extra[930c]::arrays[0]::{{impl}}[114]::into_iter[0],986c51398976cd7c27af6698b845a368,rust_extra.arrays.implement_arrays.into_iter,borrow of packed field
2672696,driverkit,3947540cc34b465b,driverkit[ab95]::{{impl}}[0]::get[0],dac5bcf5942197d8cae96e4b060e1605,driverkit.implement.get,borrow of packed field
2675530,dmi,8471fcce61989881,dmi[3116]::{{impl}}[15]::fmt[0],942e128093f8190b108ef786b5b260e0,dmi.implement_15.fmt,borrow of packed field
2681657,acpi,f9d0fbdb33856957,acpi[a083]::madt[0]::parse_apic_model[0],56c22a58641cfeccdc8a0029290843dd,acpi.madt.parse_apic_model,borrow of packed field
2691335,driverkit,3947540cc34b465b,driverkit[ab95]::{{impl}}[1]::fmt[0],4f4c0b4d492b3805c9d2d75d7e841eb4,driverkit.implement_1.fmt,borrow of packed field
2691634,redoxfs,4094856f57e40cfa,redoxfs[9edf]::ex_node[0]::{{impl}}[1]::fmt[0],402167beb7bcdd0fed8a5514f7d860b6,redoxfs.ex_node.implement_ex_node.fmt,borrow of packed field
2712808,minidump,e5761667c9fbc72f,minidump[cf38]::minidump[0]::{{impl}}[8]::print[0],3381d88611aebd42d1b0ae499523ed94,minidump.minidump.implement_minidump.print,borrow of packed field
2716024,btrfs2,9b3e1c07f687698b,btrfs2[cb74]::diskformat[0]::item[0]::extent_data[0]::{{impl}}[0]::inline_data[0],de9b1969fb524f1422339daab061ff21,btrfs2.diskformat.item.extent_data.implement.inline_data,borrow of packed field
2722896,rust_extra,156ff18b2f63fa66,rust_extra[930c]::arrays[0]::{{impl}}[130]::get_unchecked_mut[0],42585f42c37dc96ccaf776351029d37d,rust_extra.arrays.implement_arrays.get_unchecked_mut,borrow of packed field
2738060,traildb_sys,f2f2fe20ee56389c,traildb_sys[fbe5]::{{impl}}[82]::fmt[0],a8ec20759eda81dd5032e22fe54794b,traildb_sys.implement_82.fmt,borrow of packed field
2745988,rust_extra,156ff18b2f63fa66,rust_extra[930c]::arrays[0]::{{impl}}[84]::lt[0],452dc556a373360bf742c80e1a29772e,rust_extra.arrays.implement_arrays.lt,borrow of packed field
2789374,multiboot2,b816fff69216d815,multiboot2[e5bb]::vbe_info[0]::{{impl}}[0]::fmt[0],2efdceebacbd38e7e6619c6079007451,multiboot2.vbe_info.implement.fmt,borrow of packed field
2792967,btrfs,b9a28281d60617af,btrfs[985c]::diskformat[0]::item[0]::extent_data[0]::{{impl}}[0]::inline_data[0],ab7ed987649f11dc283b8c5b0bd18ce5,btrfs.diskformat.item.extent_data.implement.inline_data,borrow of packed field
2815353,rust_extra,156ff18b2f63fa66,rust_extra[930c]::arrays[0]::{{impl}}[97]::ge[0],173a2d9ae4367d52b107ff4e6541b3e8,rust_extra.arrays.implement_arrays.ge,borrow of packed field
2819878,yubikey,9048f3917dd17e91,yubikey[e1b0]::{{impl}}[29]::fmt[0],14f787e2e40aef91496b2a84c47340f3,yubikey.implement_29.fmt,borrow of packed field
2825148,rust_extra,156ff18b2f63fa66,rust_extra[930c]::arrays[0]::{{impl}}[26]::as_mut_ptr[0],dfa30754e75441f819341a737f732e9,rust_extra.arrays.implement_arrays.as_mut_ptr,borrow of packed field
2839680,rust_extra,156ff18b2f63fa66,rust_extra[930c]::arrays[0]::{{impl}}[107]::fmt[0],547c4b5ca7a4c1af6a16f59bc83101f2,rust_extra.arrays.implement_arrays.fmt,borrow of packed field
2855536,rust_extra,156ff18b2f63fa66,rust_extra[930c]::arrays[0]::{{impl}}[22]::into_iter[0],4d628cb81b3e43803c275d6a9ef3d4f1,rust_extra.arrays.implement_arrays.into_iter,borrow of packed field
2860467,rust_extra,156ff18b2f63fa66,rust_extra[930c]::arrays[0]::{{impl}}[89]::as_ref[0],6c4d63a26e9b47be406f967a675384a4,rust_extra.arrays.implement_arrays.as_ref,borrow of packed field
2880554,dmi,8471fcce61989881,dmi[3116]::{{impl}}[32]::fmt[0],b2f9bc1de7a6417fbbe5a02f05383787,dmi.implement_32.fmt,borrow of packed field
2882343,rust_extra,156ff18b2f63fa66,rust_extra[930c]::arrays[0]::{{impl}}[136]::partial_cmp[0],9210127266a00575d2005f38e6917f0a,rust_extra.arrays.implement_arrays.partial_cmp,borrow of packed field
2889081,driverkit,3947540cc34b465b,driverkit[ab95]::{{impl}}[0]::set[0],45cda87c59defbca487da782ba5b4a35,driverkit.implement.set,borrow of packed field
2890643,rust_extra,156ff18b2f63fa66,rust_extra[930c]::arrays[0]::{{impl}}[95]::eq[0],a53caf263f8595eec18b57801543cf,rust_extra.arrays.implement_arrays.eq,borrow of packed field
2905752,libopencm3_sys,8eed6dfb20dbb611,libopencm3_sys[f827]::{{impl}}[5]::tUpperSamFreq[0],58715f210689931e1ffaac8070efe4ca,libopencm3_sys.implement_5.tUpperSamFreq,borrow of packed field
2908697,rust_extra,156ff18b2f63fa66,rust_extra[930c]::arrays[0]::{{impl}}[110]::le[0],ebf6b7c3918c86dd3510e2e65791908e,rust_extra.arrays.implement_arrays.le,borrow of packed field
2912189,rust_extra,156ff18b2f63fa66,rust_extra[930c]::arrays[0]::{{impl}}[112]::hash[0],19071693c0500c90520d1ac8ad974481,rust_extra.arrays.implement_arrays.hash,borrow of packed field
2913154,rpcap,a3d6e496773bad52,rpcap[f8c1]::def[0]::{{impl}}[1]::try_from[0],5295d033150fdb73d0660272f7590e70,rpcap.def.implement_def.try_from,borrow of packed field
2915920,rust_extra,156ff18b2f63fa66,rust_extra[930c]::arrays[0]::{{impl}}[78]::as_ptr[0],900f895357313dc529e196c3c493ec83,rust_extra.arrays.implement_arrays.as_ptr,borrow of packed field
2916132,minidump,e5761667c9fbc72f,minidump[cf38]::minidump[0]::{{impl}}[16]::print[0],7b05d1346946fb7c10bd356c75b0b0d9,minidump.minidump.implement_minidump.print,borrow of packed field
2919972,rust_extra,156ff18b2f63fa66,rust_extra[930c]::arrays[0]::{{impl}}[71]::gt[0],9507978ecf5f71c6e36d9d96eb721bc1,rust_extra.arrays.implement_arrays.gt,borrow of packed field
2930240,rust_extra,156ff18b2f63fa66,rust_extra[930c]::arrays[0]::{{impl}}[117]::get_unchecked[0],8d03edc2b5f80804cf5e9e6864485f49,rust_extra.arrays.implement_arrays.get_unchecked,borrow of packed field
2931475,libopencm3_sys,8eed6dfb20dbb611,libopencm3_sys[f827]::{{impl}}[5]::tLowerSamFreq[0],bd881f23f3bb760f599a33b8c04226a2,libopencm3_sys.implement_5.tLowerSamFreq,borrow of packed field
2933259,rust_extra,156ff18b2f63fa66,rust_extra[930c]::arrays[0]::{{impl}}[143]::as_ptr[0],5739bbf8683685fa5726ffb9d3413319,rust_extra.arrays.implement_arrays.as_ptr,borrow of packed field
2935778,rust_extra,156ff18b2f63fa66,rust_extra[930c]::arrays[0]::{{impl}}[33]::cmp[0],18daba4ea7dd5c32a8cd8de9b0236a20,rust_extra.arrays.implement_arrays.cmp,borrow of packed field
2936531,rust_extra,156ff18b2f63fa66,rust_extra[930c]::arrays[0]::{{impl}}[26]::as_ptr[0],358877eadeb2cfda6cf54c9397ce7ca2,rust_extra.arrays.implement_arrays.as_ptr,borrow of packed field
2937793,minidump_common,8b3ea2540af5f235,minidump_common[e37e]::format[0]::{{impl}}[79]::other_cpu_info[0],fb976a31e1e12e81e90248753032de75,minidump_common.format.implement_format.other_cpu_info,borrow of packed field
2986340,rust_extra,156ff18b2f63fa66,rust_extra[930c]::arrays[0]::{{impl}}[150]::cmp[0],a3e31ce088dc6fc8a6252da8042ff4da,rust_extra.arrays.implement_arrays.cmp,borrow of packed field
2998001,intel_spi,a08832378089de4a,intel_spi[bc6e]::mmio[0]::{{impl}}[1]::read[0],eb020fcaa1559d96631a339abf1fc7b9,intel_spi.mmio.implement_mmio.read,borrow of packed field
3009628,vpk,aa801b481107c880,vpk[bdaa]::entry[0]::{{impl}}[2]::fmt[0],6cbd22a088b43fe78341601d25747648,vpk.entry.implement_entry.fmt,borrow of packed field
3011297,rust_extra,156ff18b2f63fa66,rust_extra[930c]::arrays[0]::{{impl}}[71]::lt[0],832951b03f8d8f93ab28e0f7b83dc881,rust_extra.arrays.implement_arrays.lt,borrow of packed field
3013812,rust_extra,156ff18b2f63fa66,rust_extra[930c]::arrays[0]::{{impl}}[58]::partial_cmp[0],36550064f66fd24a704740b68d2b992c,rust_extra.arrays.implement_arrays.partial_cmp,borrow of packed field
3028828,multiboot2,b816fff69216d815,multiboot2[e5bb]::vbe_info[0]::{{impl}}[1]::fmt[0],3ac61683777b9af6d95d5e8c705dadcb,multiboot2.vbe_info.implement_vbe_info.fmt,borrow of packed field
3034067,pe,d772e081044817cc,pe[5631]::utility[0]::{{impl}}[20]::eq[0],e77b161d86dcfe3a9284005786f0f8b3,pe.utility.implement_utility.eq,borrow of packed field
3035715,rust_extra,156ff18b2f63fa66,rust_extra[930c]::arrays[0]::{{impl}}[71]::ge[0],f97e54982e4b6b804b7386494bc2d0e,rust_extra.arrays.implement_arrays.ge,borrow of packed field
3060420,rust_extra,156ff18b2f63fa66,rust_extra[930c]::arrays[0]::{{impl}}[36]::into_iter[0],d1415d78f8c732d087b0451c4cfab000,rust_extra.arrays.implement_arrays.into_iter,borrow of packed field
3099592,elrond,9ff59a474db56cd8,elrond[b804]::symtable[0]::symtable32[0]::{{impl}}[0]::new[0],fddf59a53a513fc5ff670c37e4239c4,elrond.symtable.symtable32.implement.new,borrow of packed field
