,build,package_name,package_version,crate_name,build_crate_hash,edition,block,unsafe_scope,unsafe_scope_span,unsafe_scope_expansion_kind,unsafe_scope_expansion_kind_descr,file_name,line,col,check_mode,call,unsafety,abi,target_crate,call_target_def_path,call_target_summary_key,is_target_trait_item
491501,30504,rsbot,0.2.3,rsbot,90c0bbabe9789526,2015,138945321,49835652,44630419,Root,{{root}},src/linux/key.rs,22,1,UnsafeBlockUserProvided,42939267,Normal,Rust,core,core[e667]::ops[0]::deref[0]::Deref[0]::deref[0],core.ops.deref.Deref.deref,True
952272,84509,pupil,0.1.3,pupil,ac4648bb90e05829,2015,383543656,138160047,123688301,Root,{{root}},src/lexer.rs,135,1,UnsafeBlockUserProvided,118896007,Normal,Rust,core,core[e667]::ops[0]::index[0]::IndexMut[0]::index_mut[0],core.ops.index.IndexMut.index_mut,True
131683,5893,generic-array,0.13.2,generic_array,3e872521be4fb485,2015,29038623,10217502,9096713,Root,{{root}},/opt/rustwide/cargo-home/registry/src/github.com-1ecc6299db9ec823/generic-array-0.13.2/src/lib.rs,439,8,UnsafeBlockUserProvided,8745903,Normal,Rust,core,core[e667]::iter[0]::traits[0]::iterator[0]::Iterator[0]::map[0],core.iter.traits.iterator.Iterator.map,True
651036,47645,xcore,0.1.3,xcore,796d9cbdd8b6f17,2015,220367989,79349814,70645878,Root,{{root}},src/executor.rs,67,24,UnsafeBlockUserProvided,67844619,Unsafe,Rust,std,std[5a7f]::sys[0]::unix[0]::ext[0]::io[0]::FromRawFd[0]::from_raw_fd[0],std.sys.unix.ext.io.FromRawFd.from_raw_fd,True
542562,35584,median,0.3.0,median,ab2a84121221ae7c,2015,164455168,58768369,52497302,Root,{{root}},src/stack.rs,87,21,UnsafeBlockUserProvided,50637941,Normal,Rust,typenum,typenum[a770]::marker_traits[0]::Unsigned[0]::to_usize[0],typenum.marker_traits.Unsigned.to_usize,True
31063,1077,futures-executor-preview,0.3.0-alpha.19,futures_executor,e8bd2ae127d0bdfa,2018,5687869,2039316,1828281,Root,{{root}},/opt/rustwide/cargo-home/registry/src/github.com-1ecc6299db9ec823/futures-executor-preview-0.3.0-alpha.19/src/thread_pool.rs,336,8,UnsafeBlockUserProvided,1723432,Normal,Rust,core,core[e667]::ops[0]::deref[0]::Deref[0]::deref[0],core.ops.deref.Deref.deref,True
144442,6835,oxygengine-core,0.5.3,oxygengine_core,4366b11ce974275c,2018,32815475,11621442,10429095,Root,{{root}},src/assets/database.rs,347,43,UnsafeBlockUserProvided,9998503,Normal,Rust,core,core[e667]::ops[0]::index[0]::Index[0]::index[0],core.ops.index.Index.index,True
956299,85503,evmap,7.1.3,evmap,21c4848397e13a45,2018,387913962,139704054,125088618,Root,{{root}},src/write.rs,556,26,UnsafeBlockUserProvided,120259935,Unsafe,Rust,evmap,evmap[ef99]::shallow_copy[0]::ShallowCopy[0]::shallow_copy[0],evmap.shallow_copy.ShallowCopy.shallow_copy,True
672232,51104,dashmap-shard,0.1.1,dashmap_shard,aa54cf9c2c491438,2018,235259887,84569096,75422816,Root,{{root}},/opt/rustwide/cargo-home/registry/src/github.com-1ecc6299db9ec823/dashmap-shard-0.1.1/src/raw/mod.rs,1390,8,UnsafeBlockUserProvided,72457047,Normal,Rust,core,core[e667]::ops[0]::try[0]::Try[0]::from_error[0],core.ops.try.Try.from_error,True
743649,59498,seckey,0.9.2,seckey,5ad36677b54d458d,2015,271584016,97624105,87387892,Root,{{root}},src/seckey.rs,156,8,UnsafeBlockUserProvided,84015247,Normal,Rust,core,core[e667]::ops[0]::try[0]::Try[0]::into_result[0],core.ops.try.Try.into_result,True
619775,44883,vmap,0.1.3,vmap,3110b52d1496426f,2015,207026882,74269696,66137847,Root,{{root}},src/io/ring.rs,64,8,UnsafeBlockUserProvided,63800732,Normal,Rust,core,core[e667]::convert[0]::From[0]::from[0],core.convert.From.from,True
32620,1419,async-stream,0.2.0,async_stream,34f66e506e15eef8,2018,7122606,2563566,2298163,Root,{{root}},/opt/rustwide/cargo-home/registry/src/github.com-1ecc6299db9ec823/async-stream-0.2.0/src/yielder.rs,54,26,UnsafeBlockUserProvided,2181462,Normal,Rust,core,core[e667]::ops[0]::deref[0]::DerefMut[0]::deref_mut[0],core.ops.deref.DerefMut.deref_mut,True
1030075,98809,sendfd,0.3.0,sendfd,5a173d5d4ab85980,2015,447911458,161509585,144686307,Root,{{root}},src/lib.rs,78,4,UnsafeBlockUserProvided,139065012,Normal,Rust,core,core[e667]::iter[0]::traits[0]::collect[0]::IntoIterator[0]::into_iter[0],core.iter.traits.collect.IntoIterator.into_iter,True
46491,2001,goblin,0.1.3,goblin,226cbd7a293e9e27,2018,10068927,3606546,3228391,MacroBang,elf_section_header_std_impl!,/opt/rustwide/cargo-home/registry/src/github.com-1ecc6299db9ec823/goblin-0.1.3/src/elf/section_header.rs,335,16,UnsafeBlockUserProvided,3032809,Normal,Rust,core,core[e667]::ops[0]::try[0]::Try[0]::from_error[0],core.ops.try.Try.from_error,True
22499,824,log,0.4.10,log,9b6a05699e05c5e,2015,4326987,1607375,1453387,Root,{{root}},/opt/rustwide/cargo-home/registry/src/github.com-1ecc6299db9ec823/log-0.4.10/src/lib.rs,1268,4,UnsafeBlockUserProvided,1324198,Normal,rust-call,core,core[e667]::ops[0]::function[0]::FnOnce[0]::call_once[0],core.ops.function.FnOnce.call_once,True
272696,12450,mujs,0.0.3,mujs,2255ceeaf8eda4e3,2015,57452429,20471046,18371182,Root,{{root}},src/lib.rs,981,8,UnsafeBlockUserProvided,17690718,Normal,Rust,core,core[e667]::ops[0]::deref[0]::Deref[0]::deref[0],core.ops.deref.Deref.deref,True
825220,68424,imxrt1062-sai1,0.1.0,imxrt1062_sai1,a0290ed1dbd12103,2018,309879777,111991879,100341905,Root,{{root}},src/tcr2.rs,467,8,UnsafeBlockUserProvided,96175934,Normal,Rust,core,core[e667]::convert[0]::Into[0]::into[0],core.convert.Into.into,True
234819,9724,graphannis-capi,0.7.1,graphannis_capi,c38324ab90ed5138,2015,45351908,16130472,14486870,MacroBang,cstr!,src/lib.rs,32,8,UnsafeBlockUserProvided,13978708,Normal,Rust,core,core[e667]::convert[0]::From[0]::from[0],core.convert.From.from,True
155049,7373,libffi,0.9.0,libffi,105bdf65bbec0c89,2018,34995159,12393945,11147179,MacroBang,define_closure_mod!,src/high/mod.rs,355,28,UnsafeBlockUserProvided,10682803,Normal,rust-call,core,core[e667]::ops[0]::function[0]::FnOnce[0]::call_once[0],core.ops.function.FnOnce.call_once,True
661816,50173,rendy-wsi,0.5.1,rendy_wsi,fa496bfe0796c666,2018,231863306,83330663,74248552,Root,{{root}},/opt/rustwide/cargo-home/registry/src/github.com-1ecc6299db9ec823/rendy-wsi-0.5.1/src/lib.rs,66,18,UnsafeBlockUserProvided,71313465,Normal,Rust,core,core[e667]::ops[0]::deref[0]::Deref[0]::deref[0],core.ops.deref.Deref.deref,True
395160,21934,elfy,0.2.2,elfy,1dd54c8cfa55c498,2018,98774312,35312473,31722850,MacroBang,read_u64!,src/macros.rs,69,12,UnsafeBlockUserProvided,30662838,Normal,Rust,core,core[e667]::cmp[0]::PartialEq[0]::eq[0],core.cmp.PartialEq.eq,True
74102,3724,winit,0.20.0,winit,b5cf70b2570a064a,2018,18142384,6419478,5738175,Root,{{root}},/opt/rustwide/cargo-home/registry/src/github.com-1ecc6299db9ec823/winit-0.20.0/src/platform_impl/linux/x11/window.rs,926,12,UnsafeBlockUserProvided,5384915,Normal,Rust,core,core[e667]::ops[0]::deref[0]::Deref[0]::deref[0],core.ops.deref.Deref.deref,True
1013747,96001,kontrak-sqlite,0.1.4,kontrak_sqlite,c1958664283c1de2,2015,434555708,156859891,140520619,Root,{{root}},src/connection.rs,64,8,UnsafeBlockUserProvided,135190655,Normal,Rust,core,core[e667]::ops[0]::deref[0]::Deref[0]::deref[0],core.ops.deref.Deref.deref,True
881859,74660,longest-increasing-subsequence,0.1.0,longest_increasing_subsequence,ac3b8ab242681ded,2018,335950817,121469351,108898056,Root,{{root}},src/lib.rs,183,4,UnsafeBlockUserProvided,104422119,Normal,Rust,core,core[e667]::iter[0]::traits[0]::collect[0]::Extend[0]::extend[0],core.iter.traits.collect.Extend.extend,True
995675,91855,drone-cortex-m,0.11.1,drone_cortex_m,ee32520669b2c256,2018,416328391,150352303,134748626,Root,{{root}},src/fib/proc/fiber.rs,234,8,UnsafeBlockUserProvided,129496205,Normal,Rust,core,core[e667]::ops[0]::deref[0]::DerefMut[0]::deref_mut[0],core.ops.deref.DerefMut.deref_mut,True
706699,54204,processortrace,0.0.1,processortrace,9414d819099d2d16,2015,249550582,89621857,80071295,Root,{{root}},src/lib.rs,215,8,UnsafeBlockUserProvided,77008596,Normal,Rust,core,core[e667]::cmp[0]::PartialOrd[0]::le[0],core.cmp.PartialOrd.le,True
587206,41277,cargo-xbuild,0.5.20,xargo_lib,583fd55045b4b14d,2015,190475776,68215254,60890679,Root,{{root}},src/flock.rs,155,8,UnsafeBlockUserProvided,58720956,Normal,Rust,core,core[e667]::ops[0]::deref[0]::Deref[0]::deref[0],core.ops.deref.Deref.deref,True
733863,58035,pgrustxn,0.0.7,pgrustxn,848879c29e830017,2015,264889977,95277470,85276574,Root,{{root}},src/texttools.rs,34,4,UnsafeBlockUserProvided,81922216,Normal,Rust,core,core[e667]::ops[0]::deref[0]::Deref[0]::deref[0],core.ops.deref.Deref.deref,True
741715,59070,joinkit,0.2.0,mjoin,dfcb444c1fd77fb5,2015,269580480,96953002,86799700,Root,{{root}},src/bin/mjoin.rs,205,22,UnsafeBlockUserProvided,83420073,Normal,Rust,core,core[e667]::ops[0]::deref[0]::Deref[0]::deref[0],core.ops.deref.Deref.deref,True
867713,72624,pasts,0.0.1,pasts,bb6a14cf1a1e40aa,2018,328160999,118513329,106208196,Root,{{root}},src/spawner/mod.rs,86,4,UnsafeBlockUserProvided,101836626,Normal,Rust,core,core[e667]::clone[0]::Clone[0]::clone[0],core.clone.Clone.clone,True
706474,54090,c3p0_pg,0.27.0,c3p0_pg,2a374f22284e6ee4,2018,249093167,89482811,79933599,MacroDerive,#[derive(__rental_structs_and_impls)],<::rental::rental macros>,6,36,UnsafeBlockUserProvided,76868020,Normal,rust-call,core,core[e667]::ops[0]::function[0]::FnOnce[0]::call_once[0],core.ops.function.FnOnce.call_once,True
521385,32566,beach_map,0.1.2,beach_map,45bae23ac7ffaa8d,2018,149629919,53425209,47796644,Root,{{root}},/opt/rustwide/cargo-home/registry/src/github.com-1ecc6299db9ec823/beach_map-0.1.2/src/lib.rs,380,16,UnsafeBlockUserProvided,46102876,Normal,Rust,core,core[e667]::ops[0]::deref[0]::Deref[0]::deref[0],core.ops.deref.Deref.deref,True
408186,24000,imxrt1062-lpspi1,0.1.0,imxrt1062_lpspi1,4c4ebb0ae809d647,2018,107882655,38425062,34636296,Root,{{root}},src/cfgr1.rs,360,8,UnsafeBlockUserProvided,33394215,Normal,Rust,core,core[e667]::convert[0]::Into[0]::into[0],core.convert.Into.into,True
384690,20588,ggraphics,0.0.2,ggraphics,d926dc4d1acd8f8d,2018,92226342,32925207,29565216,Root,{{root}},src/lib.rs,349,8,UnsafeBlockUserProvided,28685786,Normal,Rust,core,core[e667]::ops[0]::deref[0]::Deref[0]::deref[0],core.ops.deref.Deref.deref,True
341786,15856,imgui-ext,0.3.0,imgui_ext,aa7b193370536e68,2018,72118991,25721085,22992223,MacroBang,imgui_slider_scalar!,src/macros.rs,87,16,UnsafeBlockUserProvided,22198641,Normal,Rust,imgui_ext,imgui_ext[8cfc]::slider[0]::Slider[0]::build[0],imgui_ext.slider.Slider.build,True
881803,74599,nflog,0.9.0,nflog,83d8d362c75d8f76,2015,335852253,121435554,108858785,Root,{{root}},src/message.rs,199,33,UnsafeBlockUserProvided,104386313,Normal,Rust,core,core[e667]::ops[0]::index[0]::Index[0]::index[0],core.ops.index.Index.index,True
376896,19259,kompact,0.8.1,kompact,821610bad22891c0,2018,86613853,30961153,27795105,Root,{{root}},src/runtime.rs,347,8,UnsafeBlockUserProvided,26900153,Normal,Rust,core,core[e667]::ops[0]::deref[0]::DerefMut[0]::deref_mut[0],core.ops.deref.DerefMut.deref_mut,True
665584,50877,fart-cli,0.4.0,fart,f1eed0818aea4cbd,2018,234401180,84272323,75134558,Root,{{root}},src/serve/events.rs,151,14,UnsafeBlockUserProvided,72181871,Normal,Rust,futures_core,futures_core[273c]::stream[0]::Stream[0]::poll_next[0],futures_core.stream.Stream.poll_next,True
535495,34823,compression,0.1.5,compression,787c3bcf102c65d9,2018,161548748,57517478,51353351,Root,{{root}},src/bzip2/encoder.rs,459,43,UnsafeBlockUserProvided,49607178,Normal,Rust,core,core[e667]::ops[0]::deref[0]::Deref[0]::deref[0],core.ops.deref.Deref.deref,True
705742,54021,ral,0.1.1,ral,ef061a4c5f284b64,2018,248917050,89425283,79886283,Root,{{root}},src/lib.rs,56,8,UnsafeBlockUserProvided,76817431,Normal,Rust,core,core[e667]::ops[0]::bit[0]::BitOr[0]::bitor[0],core.ops.bit.BitOr.bitor,True
711592,55355,async-coap,0.1.0,async_coap,d71b9ebe76ea180c,2018,254891629,91469911,81761154,Root,{{root}},/opt/rustwide/cargo-home/registry/src/github.com-1ecc6299db9ec823/async-coap-0.1.0/src/arc_guard.rs,152,26,UnsafeBlockUserProvided,78649877,Normal,Rust,core,core[e667]::ops[0]::deref[0]::Deref[0]::deref[0],core.ops.deref.Deref.deref,True
717082,56425,nss,0.7.1,nss,88f3ef2c46087798,2015,259009079,92903219,83123423,Root,{{root}},src/lib.rs,217,8,UnsafeBlockUserProvided,79919991,Normal,Rust,core,core[e667]::ops[0]::deref[0]::Deref[0]::deref[0],core.ops.deref.Deref.deref,True
656452,48844,specs-static,0.3.0,specs_static,dbdd09aaf33ad9a2,2015,226005276,81341706,72443372,Root,{{root}},src/lib.rs,116,20,UnsafeBlockUserProvided,69591228,Unsafe,Rust,specs,specs[ff7a]::storage[0]::UnprotectedStorage[0]::remove[0],specs.storage.UnprotectedStorage.remove,True
954267,85177,reusable-memory,0.1.1,reusable_memory,947ad4bc21a3bb85,2018,386860927,139323888,124721545,Root,{{root}},src/borrow.rs,56,3,UnsafeBlockUserProvided,119934204,Normal,Rust,core,core[e667]::iter[0]::traits[0]::collect[0]::IntoIterator[0]::into_iter[0],core.iter.traits.collect.IntoIterator.into_iter,True
520705,32505,pamsm,0.3.1-alpha.0,pamsm,b0131ad391457c52,2015,149397979,53311218,47700242,Root,{{root}},src/pam_types.rs,41,8,UnsafeBlockUserProvided,45999333,Normal,Rust,core,core[e667]::iter[0]::traits[0]::collect[0]::IntoIterator[0]::into_iter[0],core.iter.traits.collect.IntoIterator.into_iter,True
682558,52146,assembler,0.10.1,assembler,2583a4ae346af69a,2015,240067264,86190069,76927727,Root,{{root}},src/mnemonic_parameter_types/memory/MemoryOperand.rs,409,49,UnsafeBlockUserProvided,73924119,Normal,Rust,assembler,assembler[f78e]::mnemonic_parameter_types[0]::registers[0]::Register[0]::index[0],assembler.mnemonic_parameter_types.registers.Register.index,True
371630,18604,capnp,0.11.1,capnp,9b2d25aa315f7260,2018,83887083,29859021,26776169,Root,{{root}},/opt/rustwide/cargo-home/registry/src/github.com-1ecc6299db9ec823/capnp-0.11.1/src/private/layout.rs,3091,8,UnsafeBlockUserProvided,25912611,Normal,Rust,core,core[e667]::iter[0]::traits[0]::collect[0]::IntoIterator[0]::into_iter[0],core.iter.traits.collect.IntoIterator.into_iter,True
805521,65184,digilent-waveforms,0.0.16,digilent_waveforms,60f38f5c1c6d36ff,2018,295310499,106702600,95574367,Root,{{root}},src/lib.rs,301,8,UnsafeBlockUserProvided,91628879,Normal,Rust,core,core[e667]::ops[0]::try[0]::Try[0]::from_error[0],core.ops.try.Try.from_error,True
379124,19434,virt,0.2.11,virt,faf0436691910731,2015,87212610,31192055,28010356,Root,{{root}},/opt/rustwide/cargo-home/registry/src/github.com-1ecc6299db9ec823/virt-0.2.11/src/domain_snapshot.rs,251,8,UnsafeBlockUserProvided,27131546,Normal,Rust,core,core[e667]::iter[0]::traits[0]::collect[0]::IntoIterator[0]::into_iter[0],core.iter.traits.collect.IntoIterator.into_iter,True
754546,60629,pkcs11,0.4.1,pkcs11,18f35fce090c7dca,2015,276755445,99789236,89314220,Root,{{root}},src/lib.rs,166,4,UnsafeBlockUserProvided,85704395,Normal,Rust,core,core[e667]::ops[0]::try[0]::Try[0]::from_error[0],core.ops.try.Try.from_error,True
266427,12027,mallumo-gls,0.43.0,mallumo_gls,8aa7e58b8f7b4a85,2015,55929591,19866668,17799964,Root,{{root}},src/buffer/immutable_buffer.rs,26,8,UnsafeBlockUserProvided,17168944,Normal,Rust,core,core[e667]::convert[0]::From[0]::from[0],core.convert.From.from,True
498582,31319,lockfree,0.5.1,lockfree,23a584d9d1fb463e,2015,142970404,51079429,45772125,Root,{{root}},/opt/rustwide/cargo-home/registry/src/github.com-1ecc6299db9ec823/lockfree-0.5.1/src/channel/mpmc.rs,231,20,UnsafeBlockUserProvided,44026905,Normal,Rust,core,core[e667]::ops[0]::deref[0]::Deref[0]::deref[0],core.ops.deref.Deref.deref,True
1010888,95195,crfsuite,0.2.6,crfsuite,d575ca7248c29322,2015,431623467,155681415,139451417,Root,{{root}},src/lib.rs,474,8,UnsafeBlockUserProvided,134192676,Normal,Rust,alloc,alloc[5a1b]::string[0]::ToString[0]::to_string[0],alloc.string.ToString.to_string,True
1026658,98309,dominator,0.5.6,dominator,e2bb93a776b3f92b,2018,445337955,160592850,143959479,MacroAttr,#[wasm_bindgen],src/bindings.rs,7,0,UnsafeBlockUserProvided,138344887,Normal,Rust,wasm_bindgen,wasm_bindgen[9867]::convert[0]::traits[0]::IntoWasmAbi[0]::into_abi[0],wasm_bindgen.convert.traits.IntoWasmAbi.into_abi,True
414182,24351,rad,0.5.0,rad,209f65b4ac6ee13f,2015,109246142,38949814,35110234,Root,{{root}},src/rados.rs,443,25,UnsafeBlockUserProvided,33789139,Normal,Rust,core,core[e667]::ops[0]::deref[0]::Deref[0]::deref[0],core.ops.deref.Deref.deref,True
538722,35350,plotters-unsable,0.1.13-5c709bb,plotters_unsable,db5afe24e537ea95,2018,163445295,58338795,52119617,Root,{{root}},src/chart/mesh.rs,177,12,UnsafeBlockUserProvided,50309294,Normal,Rust,core,core[e667]::clone[0]::Clone[0]::clone[0],core.clone.Clone.clone,True
495383,31062,efm32hg309f64,0.1.0,efm32hg309f64,df0e38ca27bf6927,2018,141826098,50735241,45439922,Root,{{root}},src/usart1/input.rs,98,8,UnsafeBlockUserProvided,43723680,Normal,Rust,core,core[e667]::convert[0]::Into[0]::into[0],core.convert.Into.into,True
734752,58333,imxrt1062-wdog1,0.1.0,imxrt1062_wdog1,b51bad964d6715fe,2018,265993730,95719691,85681242,Root,{{root}},src/wcr.rs,684,8,UnsafeBlockUserProvided,82305248,Normal,Rust,core,core[e667]::convert[0]::Into[0]::into[0],core.convert.Into.into,True
683156,52232,sonic-server,1.2.3,sonic,d5ae60b4c84bd5e1,2018,240364045,86294706,77016530,MacroBang,crate_authors!,<::clap::macros::crate_authors macros>,12,47,UnsafeBlockUserProvided,74023157,Normal,Rust,core,core[e667]::ops[0]::index[0]::Index[0]::index[0],core.ops.index.Index.index,True
157741,7657,varisat,0.2.1,varisat,981f0a24a20a7eec,2018,36878497,12944084,11599449,Root,{{root}},/opt/rustwide/cargo-home/registry/src/github.com-1ecc6299db9ec823/varisat-0.2.1/src/prop/long.rs,31,4,UnsafeBlockUserProvided,11195674,Normal,Rust,core,core[e667]::cmp[0]::PartialEq[0]::eq[0],core.cmp.PartialEq.eq,True
962139,86720,cortex-m-rtfm,0.5.1,rtfm,13a1adee810c2099,2018,392775889,141591031,126820425,Root,{{root}},src/tq.rs,52,8,UnsafeBlockUserProvided,121870309,Normal,Rust,rtfm,rtfm[d529]::Monotonic[0]::now[0],rtfm.Monotonic.now,True
398157,22696,truetype,0.29.0,truetype,d6c7b09a2f246188,2015,101738067,36314803,32658305,MacroBang,read!,src/tape.rs,76,34,UnsafeBlockUserProvided,31571342,Normal,Rust,core,core[e667]::convert[0]::From[0]::from[0],core.convert.From.from,True
630744,46319,hike,0.1.2,hike,3c2efc1669b77a76,2015,213818420,76795669,68374393,Root,{{root}},src/main.rs,71,4,UnsafeBlockUserProvided,65879064,Normal,Rust,core,core[e667]::ops[0]::deref[0]::Deref[0]::deref[0],core.ops.deref.Deref.deref,True
815417,66379,lazysort,0.2.1,lazysort,9301bc4ca46a9786,2015,300612675,108567874,97245359,Root,{{root}},src/lib.rs,41,4,UnsafeBlockUserProvided,93229935,Normal,Rust,core,core[e667]::cmp[0]::PartialEq[0]::eq[0],core.cmp.PartialEq.eq,True
526116,33727,libass,0.1.3,libass,fa5865e46df213b3,2018,155161727,55326280,49511947,Root,{{root}},src/library.rs,53,8,UnsafeBlockUserProvided,47761007,Normal,Rust,core,core[e667]::iter[0]::traits[0]::iterator[0]::Iterator[0]::map[0],core.iter.traits.iterator.Iterator.map,True
402078,23126,libicmp,0.1.2,libicmp,487145c31f6ce394,2015,103786695,37032994,33329102,Root,{{root}},src/socket.rs,44,8,UnsafeBlockUserProvided,32176255,Normal,Rust,core,core[e667]::ops[0]::try[0]::Try[0]::from_error[0],core.ops.try.Try.from_error,True
263975,11888,edf-reader,0.6.0,edf_reader,fb9f1531016dddba,2018,55049186,19585364,17563183,Root,{{root}},src/lib.rs,26,4,UnsafeBlockUserProvided,16923768,Normal,Rust,core,core[e667]::ops[0]::index[0]::Index[0]::index[0],core.ops.index.Index.index,True
705727,54018,sway-alttab,1.1.2,sway_alttab,cc73f77d23a88399,2018,248903231,89421488,79884785,Root,{{root}},src/main.rs,60,4,UnsafeBlockUserProvided,76814867,Normal,Rust,core,core[e667]::ops[0]::try[0]::Try[0]::from_error[0],core.ops.try.Try.from_error,True
556482,36827,c_linked_list,1.1.1,c_linked_list,865702ca4a2937b8,2015,169806080,60791091,54307117,Root,{{root}},src/lib.rs,97,19,UnsafeBlockUserProvided,52330414,Normal,rust-call,core,core[e667]::ops[0]::function[0]::Fn[0]::call[0],core.ops.function.Fn.call,True
231568,9385,physsol,0.2.0,physsol,2186bf2318709a0b,2015,43830315,15569534,13931342,MacroBang,var_vec!,src/rk4.rs,61,20,UnsafeBlockUserProvided,13452153,Normal,Rust,physsol,physsol[96ec]::rk4[0]::Var[0]::step[0],physsol.rk4.Var.step,True
367100,18144,kiss3d,0.22.1,kiss3d,dca6ce6ca1894d72,2015,81906294,29144585,26153763,Root,{{root}},src/builtin/object_material.rs,102,8,UnsafeBlockUserProvided,25292029,Normal,Rust,core,core[e667]::ops[0]::deref[0]::Deref[0]::deref[0],core.ops.deref.Deref.deref,True
794493,63868,rage,0.0.19,rage,4a5bb919a40fc643,2018,289938208,104637111,93735294,MacroBang,$crate::_js_impl!,<::stdweb::webcore::macros::_js_impl macros>,29,60,UnsafeBlockUserProvided,89938341,Normal,Rust,core,core[e667]::default[0]::Default[0]::default[0],core.default.Default.default,True
794820,64108,rtti-derive,0.4.0,rtti_derive,a24baa79716a50ec,2015,291079355,105037711,94114093,Root,{{root}},src/lib.rs,298,4,UnsafeBlockUserProvided,90271579,Normal,Rust,core,core[e667]::convert[0]::Into[0]::into[0],core.convert.Into.into,True
10735,196,tokio,0.2.9,tokio,26ed757ab3b1eeba,2018,872388,358426,325806,Root,{{root}},/opt/rustwide/cargo-home/registry/src/github.com-1ecc6299db9ec823/tokio-0.2.9/src/io/async_read.rs,117,8,UnsafeBlockUserProvided,286240,Normal,Rust,bytes,bytes[2d6f]::buf[0]::buf_mut[0]::BufMut[0]::bytes_mut[0],bytes.buf.buf_mut.BufMut.bytes_mut,True
630939,46372,silver,1.1.0,silver,12266ffd05e08caf,2015,213934049,76839888,68417158,Root,{{root}},src/modules/status.rs,63,4,UnsafeBlockUserProvided,65914486,Normal,Rust,core,core[e667]::ops[0]::deref[0]::Deref[0]::deref[0],core.ops.deref.Deref.deref,True
389209,21263,libcwa,0.1.0,libcwa,d27195969d8aee0d,2015,95258847,34010193,30544211,Root,{{root}},src/lib.rs,137,12,UnsafeBlockUserProvided,29574299,Normal,Rust,core,core[e667]::ops[0]::index[0]::IndexMut[0]::index_mut[0],core.ops.index.IndexMut.index_mut,True
734363,58270,rendy-shader,0.5.1,rendy_shader,28366b818e89fd5e,2018,265865584,95646252,85617563,Root,{{root}},/opt/rustwide/cargo-home/registry/src/github.com-1ecc6299db9ec823/rendy-shader-0.5.1/src/lib.rs,285,16,UnsafeBlockUserProvided,82262692,Normal,Rust,core,core[e667]::ops[0]::try[0]::Try[0]::into_result[0],core.ops.try.Try.into_result,True
741757,59072,joinkit,0.2.0,hjoin,819d0591b5da3ed6,2015,269582505,96953552,86800189,Root,{{root}},src/bin/hjoin.rs,203,17,UnsafeBlockUserProvided,83420706,Normal,Rust,core,core[e667]::ops[0]::deref[0]::Deref[0]::deref[0],core.ops.deref.Deref.deref,True
897069,77706,alpm,0.8.0,alpm,20ea322597f7e270,2018,351232221,126762546,113470595,Root,{{root}},src/db.rs,85,20,UnsafeBlockUserProvided,108916586,Normal,Rust,core,core[e667]::ops[0]::deref[0]::Deref[0]::deref[0],core.ops.deref.Deref.deref,True
940842,83434,bitsign,0.1.1,bitsign,659ee2c23cdff33c,2018,378002709,136300441,122006874,Root,{{root}},src/main.rs,113,12,UnsafeBlockUserProvided,117160808,Normal,Rust,core,core[e667]::iter[0]::traits[0]::collect[0]::IntoIterator[0]::into_iter[0],core.iter.traits.collect.IntoIterator.into_iter,True
952388,84646,hydrogen,0.1.5,hydrogen,46e4072805f33adf,2015,383943181,138312538,123832331,Root,{{root}},src/types.rs,118,31,UnsafeBlockUserProvided,119036824,Normal,Rust,hydrogen,hydrogen[d7e4]::Stream[0]::send[0],hydrogen.Stream.send,True
141028,6514,canal,0.1.3,canal,583d2eb3e3a3e937,2015,31706609,11143146,9977322,Root,{{root}},src/mpmc/mutex_linked_list.rs,92,8,UnsafeBlockUserProvided,9566591,Normal,Rust,core,core[e667]::ops[0]::deref[0]::DerefMut[0]::deref_mut[0],core.ops.deref.DerefMut.deref_mut,True
962606,86842,linux-perf-file-reader,0.1.0,linux_perf_file_reader,2bf5d3ab3e6135e5,2015,393180367,141792844,127001548,Root,{{root}},src/lib.rs,384,4,UnsafeBlockUserProvided,122026991,Normal,Rust,std,std[5a7f]::io[0]::Read[0]::read_exact[0],std.io.Read.read_exact,True
788856,63360,reffers,0.6.0,reffers,bf6e403c6b20e959,2018,287956677,103964394,93115584,Root,{{root}},src/rc.rs,373,8,UnsafeBlockUserProvided,89346503,Normal,Rust,core,core[e667]::iter[0]::traits[0]::collect[0]::IntoIterator[0]::into_iter[0],core.iter.traits.collect.IntoIterator.into_iter,True
832863,69077,mango,0.3.0,mango,1437f654e8a7d67f,2018,312559706,112883793,101128446,MacroAttr,#[wasm_bindgen],src/ui/webi/compile_str.rs,3,0,UnsafeBlockUserProvided,96963101,Unsafe,Rust,wasm_bindgen,wasm_bindgen[de4b]::convert[0]::traits[0]::RefFromWasmAbi[0]::ref_from_abi[0],wasm_bindgen.convert.traits.RefFromWasmAbi.ref_from_abi,True
912933,80406,timely_sort,0.1.6,timely_sort,c2ee4b86b76bf606,2015,362627442,130953182,117158675,Root,{{root}},/opt/rustwide/cargo-home/registry/src/github.com-1ecc6299db9ec823/timely_sort-0.1.6/src/batched_vec.rs,143,8,UnsafeBlockUserProvided,112517893,Normal,Rust,core,core[e667]::ops[0]::deref[0]::DerefMut[0]::deref_mut[0],core.ops.deref.DerefMut.deref_mut,True
540565,35536,simple-locale,0.2.0,simple_locale,1155122ba4acdc5e,2018,164122506,58631379,52374228,Root,{{root}},src/ffi/utils.rs,59,17,UnsafeBlockUserProvided,50536426,Normal,Rust,core,core[e667]::cmp[0]::PartialOrd[0]::le[0],core.cmp.PartialOrd.le,True
19728,682,pf_sandbox_lib,0.3.1,pf_sandbox_lib,41ba6033959655a5,2018,3414882,1251754,1146622,MacroDerive,#[derive(Node)],src/stage.rs,158,49,UnsafeBlockUserProvided,1029018,Normal,Rust,core,core[e667]::clone[0]::Clone[0]::clone[0],core.clone.Clone.clone,True
895373,77179,saml10d15a,0.2.0,saml10d15a,6958bdd901701e75,2018,349383695,126049671,112816266,Root,{{root}},src/ac/compctrl.rs,751,8,UnsafeBlockUserProvided,108278463,Normal,Rust,saml10d15a,saml10d15a[f5b4]::generic[0]::ToBits[0]::_bits[0],saml10d15a.generic.ToBits._bits,True
558234,37589,lossyq,0.1.19,lossyq,d80de04823365308,2015,173339260,62100921,55455479,Root,{{root}},/opt/rustwide/cargo-home/registry/src/github.com-1ecc6299db9ec823/lossyq-0.1.19/src/spsc/mod.rs,54,4,UnsafeBlockUserProvided,53408543,Normal,Rust,core,core[e667]::ops[0]::deref[0]::Deref[0]::deref[0],core.ops.deref.Deref.deref,True
655858,48703,dyn-clone,1.0.1,dyn_clone,57b33b3bcf3fc125,2018,225345909,81103047,72217552,Root,{{root}},/opt/rustwide/cargo-home/registry/src/github.com-1ecc6299db9ec823/dyn-clone-1.0.1/src/lib.rs,83,4,UnsafeBlockUserProvided,69374159,Unsafe,Rust,dyn_clone,dyn_clone[9e0b]::DynClone[0]::clone_box[0],dyn_clone.DynClone.clone_box,True
131352,5816,smithay-client-toolkit,0.6.4,smithay_client_toolkit,2982786fbbac618d,2015,28659924,10054055,8959629,Root,{{root}},/opt/rustwide/cargo-home/registry/src/github.com-1ecc6299db9ec823/smithay-client-toolkit-0.6.4/src/keyboard/mod.rs,349,8,UnsafeBlockUserProvided,8629478,Normal,Rust,core,core[e667]::ops[0]::deref[0]::Deref[0]::deref[0],core.ops.deref.Deref.deref,True
675123,51482,criterion,0.3.0,criterion,85133e6e941bfb6e,2018,236704708,85042858,75870572,Root,{{root}},/opt/rustwide/cargo-home/registry/src/github.com-1ecc6299db9ec823/criterion-0.3.0/src/stats/univariate/percentiles.rs,57,8,UnsafeBlockUserProvided,72886758,Normal,Rust,core,core[e667]::ops[0]::arith[0]::Sub[0]::sub[0],core.ops.arith.Sub.sub,True
882545,75074,rust-sqlite,0.3.0,sqlite3,3138980674d84230,2015,338154258,122145354,109513219,Root,{{root}},src/core.rs,331,21,UnsafeBlockUserProvided,105068935,Normal,Rust,core,core[e667]::ops[0]::deref[0]::Deref[0]::deref[0],core.ops.deref.Deref.deref,True
297881,14217,remoteprocess,0.3.2,remoteprocess,4dd951e7e337692a,2015,65182695,23234796,20840871,Root,{{root}},/opt/rustwide/cargo-home/registry/src/github.com-1ecc6299db9ec823/remoteprocess-0.3.2/src/linux/symbolication.rs,62,31,UnsafeBlockUserProvided,20141931,Normal,Rust,core,core[e667]::ops[0]::try[0]::Try[0]::from_error[0],core.ops.try.Try.from_error,True
838171,70343,block-array-cow,0.1.4,block_array_cow,8a40a510033317a1,2015,318107828,114940102,103063480,Root,{{root}},src/lib.rs,436,8,UnsafeBlockUserProvided,98787631,Normal,Rust,core,core[e667]::ops[0]::deref[0]::DerefMut[0]::deref_mut[0],core.ops.deref.DerefMut.deref_mut,True
368505,18242,cedarwood,0.4.4,cedarwood,a4b56da04d4b60d6,2018,82385314,29321340,26311556,Root,{{root}},/opt/rustwide/cargo-home/registry/src/github.com-1ecc6299db9ec823/cedarwood-0.4.4/src/lib.rs,820,8,UnsafeBlockUserProvided,25437157,Normal,Rust,core,core[e667]::ops[0]::index[0]::Index[0]::index[0],core.ops.index.Index.index,True
437236,25682,udp_sas,0.1.3,udp_sas,8aafc6a99836e6bd,2015,115293796,41207467,37074181,Root,{{root}},/opt/rustwide/cargo-home/registry/src/github.com-1ecc6299db9ec823/udp_sas-0.1.3/src/lib.rs,136,4,UnsafeBlockUserProvided,35690343,Normal,Rust,core,core[e667]::ops[0]::try[0]::Try[0]::from_error[0],core.ops.try.Try.from_error,True
353384,16387,filecoin-proofs,0.6.4,filecoin_proofs,aa0bf617786fc09d,2018,73922659,26384660,23596946,MacroBang,array!,<::array_macro::array macros>,9,47,UnsafeBlockUserProvided,22792111,Normal,Rust,core,core[e667]::iter[0]::traits[0]::iterator[0]::Iterator[0]::next[0],core.iter.traits.iterator.Iterator.next,True
562491,38134,rppal,0.11.3,rppal,43bed655bc072087,2018,175532227,62982537,56262659,Root,{{root}},/opt/rustwide/cargo-home/registry/src/github.com-1ecc6299db9ec823/rppal-0.11.3/src/uart/termios.rs,94,13,UnsafeBlockUserProvided,54216165,Normal,Rust,core,core[e667]::ops[0]::try[0]::Try[0]::into_result[0],core.ops.try.Try.into_result,True
,build,package_name,package_version,crate_name,build_crate_hash,edition,block,unsafe_scope,unsafe_scope_span,unsafe_scope_expansion_kind,unsafe_scope_expansion_kind_descr,file_name,line,col,check_mode,call,unsafety,abi,target_crate,call_target_def_path,call_target_summary_key,is_target_trait_item
429366,25038,atomic_ring_buffer,1.0.0,atomic_ring_buffer,1438264ccb3b4932,2015,112606867,40147980,36147021,Root,{{root}},src/lib.rs,210,23,UnsafeBlockUserProvided,34908740,Normal,Rust,core,core[e667]::convert[0]::AsRef[0]::as_ref[0],core.convert.AsRef.as_ref,True
447654,27520,pty,0.2.2,pty,db51506cd29c3927,2015,123797642,44071351,39590112,Root,{{root}},src/descriptor/mod.rs,25,8,UnsafeBlockUserProvided,38250951,Normal,Rust,std,std[5a7f]::sys[0]::unix[0]::ext[0]::io[0]::AsRawFd[0]::as_raw_fd[0],std.sys.unix.ext.io.AsRawFd.as_raw_fd,True
262666,11750,shadowsocks-rust,1.8.7,shadowsocks,20925066921860f3,2018,54541169,19383174,17374717,Root,{{root}},src/relay/tcprelay/crypto_io.rs,254,21,UnsafeBlockUserProvided,16759917,Normal,Rust,core,core[e667]::ops[0]::deref[0]::DerefMut[0]::deref_mut[0],core.ops.deref.DerefMut.deref_mut,True
692310,53225,tower-web,0.3.7,tower_web,4d65a28e825663a0,2015,245297012,88035947,78585860,Root,{{root}},/opt/rustwide/cargo-home/registry/src/github.com-1ecc6299db9ec823/tower-web-0.3.7/src/util/buf_stream/deflate.rs,106,22,UnsafeBlockUserProvided,75573682,Normal,Rust,core,core[e667]::ops[0]::deref[0]::Deref[0]::deref[0],core.ops.deref.Deref.deref,True
788801,63360,reffers,0.6.0,reffers,bf6e403c6b20e959,2018,287955928,103963933,93115157,Root,{{root}},src/aref.rs,392,8,UnsafeBlockUserProvided,89346231,Normal,Rust,core,core[e667]::ops[0]::deref[0]::Deref[0]::deref[0],core.ops.deref.Deref.deref,True
162343,8063,wasi-common,0.9.0,wasi_common,3558d8679646d0aa,2018,38375696,13601174,12137856,Root,{{root}},/opt/rustwide/cargo-home/registry/src/github.com-1ecc6299db9ec823/wasi-common-0.9.0/src/old/snapshot_0/memory.rs,417,27,UnsafeBlockUserProvided,11752522,Normal,Rust,num_traits,num_traits[979d]::int[0]::PrimInt[0]::from_le[0],num_traits.int.PrimInt.from_le,True
824824,68297,fn-memo,1.2.0,fn_memo,5c6399099dfc75fe,2018,309333896,111756323,100123548,Root,{{root}},src/sync/chashmap.rs,38,16,UnsafeBlockUserProvided,95952045,Normal,Rust,core,core[e667]::clone[0]::Clone[0]::clone[0],core.clone.Clone.clone,True
1020137,97413,libyaml,0.1.0,libyaml,7b935f131a204f1,2018,441033101,159109389,142610451,Root,{{root}},src/event.rs,213,8,UnsafeBlockUserProvided,137126525,Normal,Rust,core,core[e667]::ops[0]::try[0]::Try[0]::into_result[0],core.ops.try.Try.into_result,True
276372,12939,primeval,1.0.0,primeval,14c540cbe61ebabd,2015,59800335,21285238,19095234,Root,{{root}},src/primeval.rs,117,16,UnsafeBlockUserProvided,18427718,Normal,Rust,core,core[e667]::ops[0]::deref[0]::DerefMut[0]::deref_mut[0],core.ops.deref.DerefMut.deref_mut,True
17363,516,cairo,0.0.4,cairo,5cee83a76c985b5d,2015,2567409,1018093,939901,Root,{{root}},src/lib.rs,190,4,UnsafeBlockUserProvided,821757,Normal,Rust,num_traits,num_traits[6eae]::identities[0]::Zero[0]::zero[0],num_traits.identities.Zero.zero,True
738120,58644,qt_qml,0.4.1,qt_qml,c88323d5866e399c,2018,267159695,96160124,86082011,Root,{{root}},src/lib.rs,15363,12,UnsafeBlockUserProvided,82681736,Normal,Rust,core,core[e667]::ops[0]::deref[0]::DerefMut[0]::deref_mut[0],core.ops.deref.DerefMut.deref_mut,True
887267,76257,gdbm,0.1.1,gdbm,c6ca7a1cf2c6f36c,2015,343016627,124031799,111186339,Root,{{root}},src/lib.rs,209,8,UnsafeBlockUserProvided,106530968,Normal,Rust,core,core[e667]::convert[0]::Into[0]::into[0],core.convert.Into.into,True
162783,8076,wasmtime-wasi,0.9.0,wasmtime_wasi,2555dc7f6d232916,2018,38394712,13609521,12145932,Root,{{root}},/opt/rustwide/cargo-home/registry/src/github.com-1ecc6299db9ec823/wasmtime-wasi-0.9.0/src/old/snapshot_0/syscalls.rs,87,4,UnsafeBlockUserProvided,11761753,Normal,Rust,core,core[e667]::cmp[0]::PartialOrd[0]::le[0],core.cmp.PartialOrd.le,True
426796,24652,hypernums,0.1.0,hypernums,74780c36db3d4dce,2015,110904456,39591813,35631474,MacroBang,impl_unsigned_conversions!,src/convert.rs,181,16,UnsafeBlockUserProvided,34386344,Normal,Rust,core,core[e667]::ops[0]::arith[0]::Mul[0]::mul[0],core.ops.arith.Mul.mul,True
575082,39188,doublepivot-quicksort,0.2.0,quicksort,22642e95cf275cad,2015,180632492,64896992,57980328,Root,{{root}},src/lib.rs,11,1,UnsafeBlockUserProvided,55817364,Normal,Rust,core,core[e667]::cmp[0]::PartialEq[0]::eq[0],core.cmp.PartialEq.eq,True
472325,28662,jobserver,0.1.19,jobserver,13c02022862f95,2015,129889222,46701242,41880954,Root,{{root}},src/lib.rs,712,16,UnsafeBlockUserProvided,40239768,Normal,Rust,std,std[5a7f]::sys[0]::unix[0]::ext[0]::thread[0]::JoinHandleExt[0]::as_pthread_t[0],std.sys.unix.ext.thread.JoinHandleExt.as_pthread_t,True
492580,30615,tmkms-prost,0.0.1,tmkms_prost,ae8dad51913bac0a,2015,139219147,49953099,44743243,Root,{{root}},src/encoding.rs,607,8,UnsafeBlockUserProvided,43043524,Normal,Rust,core,core[e667]::convert[0]::From[0]::from[0],core.convert.From.from,True
651057,47729,embly,0.0.5,embly,be587c07167a373f,2018,220676775,79455633,70747686,Root,{{root}},src/task.rs,34,20,UnsafeBlockUserProvided,67943182,Normal,Rust,core,core[e667]::clone[0]::Clone[0]::clone[0],core.clone.Clone.clone,True
939436,83097,daemonize-rs,0.1.0,daemonize_rs,5bc77d1e71d50377,2018,376646623,135823007,121576087,Root,{{root}},src/lib.rs,123,1,UnsafeBlockUserProvided,116733305,Normal,Rust,core,core[e667]::convert[0]::From[0]::from[0],core.convert.From.from,True
896441,77661,quicksort,1.1.0,quicksort,3740774388126816,2015,351124870,126713640,113419994,Root,{{root}},lib.rs,22,4,UnsafeBlockUserProvided,108878504,Normal,rust-call,core,core[e667]::ops[0]::function[0]::Fn[0]::call[0],core.ops.function.Fn.call,True
959649,86423,schroedinger_box,0.0.2,schroedinger_box,80d48fe967586f51,2015,391700307,141100988,126376358,Root,{{root}},src/lib.rs,112,8,UnsafeBlockUserProvided,121480201,Normal,Rust,core,core[e667]::ops[0]::index[0]::Index[0]::index[0],core.ops.index.Index.index,True
734329,58269,rendy-graph,0.5.1,rendy_graph,43d9619138a600b3,2018,265863883,95645638,85616956,Root,{{root}},src/node/render/pass.rs,719,21,UnsafeBlockUserProvided,82261845,Normal,Rust,core,core[e667]::ops[0]::deref[0]::Deref[0]::deref[0],core.ops.deref.Deref.deref,True
575023,39170,hyper-multipart-rfc7578-mem-uploads,0.1.0-alpha3,hyper_multipart_rfc7578_mem_uploads,79bf09b2fda0443e,2015,180591873,64882330,57967816,Root,{{root}},src/client_.rs,137,12,UnsafeBlockUserProvided,55805808,Unsafe,Rust,bytes,bytes[9583]::buf[0]::buf_mut[0]::BufMut[0]::bytes_mut[0],bytes.buf.buf_mut.BufMut.bytes_mut,True
675162,51498,impromptu,0.0.1,impromptu,ebff32b2e6b9fae9,2018,236744854,85062528,75891302,Root,{{root}},src/user.rs,14,4,UnsafeBlockUserProvided,72900837,Normal,Rust,core,core[e667]::convert[0]::From[0]::from[0],core.convert.From.from,True
996470,92080,non-empty-vec,0.1.0,non_empty_vec,78bac4aa3c85c555,2018,417396930,150669032,135068790,Root,{{root}},src/lib.rs,57,8,UnsafeBlockUserProvided,129781638,Normal,Rust,core,core[e667]::ops[0]::deref[0]::Deref[0]::deref[0],core.ops.deref.Deref.deref,True
356894,17494,tempfile-fast,0.3.3,tempfile_fast,6d6692dd9aac2cb5,2018,79123342,28077798,25148261,Root,{{root}},src/linux.rs,38,10,UnsafeBlockUserProvided,24321755,Normal,Rust,core,core[e667]::ops[0]::deref[0]::Deref[0]::deref[0],core.ops.deref.Deref.deref,True
402244,23159,abomonation,0.7.3,abomonation,bd092d823a537800,2015,104074633,37115269,33412841,Root,{{root}},src/abomonated.rs,124,25,UnsafeBlockUserProvided,32271627,Normal,Rust,core,core[e667]::ops[0]::deref[0]::Deref[0]::deref[0],core.ops.deref.Deref.deref,True
907893,79747,mcl_rust,0.0.1,mcl_rust,b71c85eec745aa34,2018,358781171,129612300,116102488,MacroBang,str_impl!,src/lib.rs,257,16,UnsafeBlockUserProvided,111311231,Normal,Rust,core,core[e667]::ops[0]::index[0]::Index[0]::index[0],core.ops.index.Index.index,True
458981,28209,rg3d-sound,0.11.0,rg3d_sound,4ada1e6549be3019,2018,127157738,45497487,40859386,Root,{{root}},/opt/rustwide/cargo-home/registry/src/github.com-1ecc6299db9ec823/rg3d-sound-0.11.0/src/device/alsa.rs,47,8,UnsafeBlockUserProvided,39421533,Normal,Rust,core,core[e667]::ops[0]::try[0]::Try[0]::from_error[0],core.ops.try.Try.from_error,True
181191,8935,gdk-pixbuf,0.8.0,gdk_pixbuf,b03d4b3efe37e037,2015,41602370,14846862,13277981,Root,{{root}},/opt/rustwide/cargo-home/registry/src/github.com-1ecc6299db9ec823/gdk-pixbuf-0.8.0/src/auto/pixbuf_format.rs,80,8,UnsafeBlockUserProvided,12775432,Normal,Rust,glib,glib[c917]::translate[0]::ToGlibPtr[0]::to_glib_none[0],glib.translate.ToGlibPtr.to_glib_none,True
816265,66787,assimp,0.3.1,assimp,a7cc2d34cd787be6,2015,302390534,109225508,97858504,Root,{{root}},src/scene/animation.rs,61,12,UnsafeBlockUserProvided,93784985,Normal,Rust,core,core[e667]::ops[0]::deref[0]::Deref[0]::deref[0],core.ops.deref.Deref.deref,True
527318,33963,com-rs,0.2.1,com_rs,f1c2983da3e06518,2015,156451619,55812408,49955676,Root,{{root}},/opt/rustwide/cargo-home/registry/src/github.com-1ecc6299db9ec823/com-rs-0.2.1/src/comptr.rs,145,12,UnsafeBlockUserProvided,48197337,Normal,Rust,com_rs,com_rs[ba6a]::comptr[0]::ComInterface[0]::iid[0],com_rs.comptr.ComInterface.iid,True
871928,73356,nimiq-network,0.2.0,nimiq_network,13a350ea394735ee,2018,331478445,119704790,107231933,Root,{{root}},/opt/rustwide/cargo-home/registry/src/github.com-1ecc6299db9ec823/nimiq-network-0.2.0/src/network.rs,95,8,UnsafeBlockUserProvided,102923845,Normal,Rust,core,core[e667]::ops[0]::deref[0]::Deref[0]::deref[0],core.ops.deref.Deref.deref,True
937558,82802,gbm,0.5.0,gbm,d8eb50a876b33735,2015,374753068,135242918,121070232,Root,{{root}},src/device.rs,139,18,UnsafeBlockUserProvided,116165917,Normal,Rust,core,core[e667]::ops[0]::deref[0]::Deref[0]::deref[0],core.ops.deref.Deref.deref,True
524084,33334,pagecache,0.19.4,pagecache,94e1cd776278e86a,2018,153162745,54668199,48912874,Root,{{root}},/opt/rustwide/cargo-home/registry/src/github.com-1ecc6299db9ec823/pagecache-0.19.4/src/logger.rs,609,8,UnsafeBlockUserProvided,47234634,Normal,Rust,core,core[e667]::ops[0]::index[0]::Index[0]::index[0],core.ops.index.Index.index,True
255114,11025,quinn,0.5.2,quinn,e62d2cefd5883c99,2018,51420047,18311773,16379652,Root,{{root}},src/platform/unix.rs,152,20,UnsafeBlockUserProvided,15779636,Normal,Rust,std,std[5a7f]::sys[0]::unix[0]::ext[0]::io[0]::AsRawFd[0]::as_raw_fd[0],std.sys.unix.ext.io.AsRawFd.as_raw_fd,True
897693,77770,insert_many,0.1.1,insert_many,dfee687a988939ae,2015,351490554,126830549,113545026,MacroBang,impl_veclike!,src/lib.rs,37,8,UnsafeBlockUserProvided,108982635,Normal,Rust,core,core[e667]::iter[0]::traits[0]::collect[0]::IntoIterator[0]::into_iter[0],core.iter.traits.collect.IntoIterator.into_iter,True
521686,32576,ssmarshal,1.0.0,ssmarshal,744a9fad31e82e38,2015,149763216,53450223,47809561,Root,{{root}},/opt/rustwide/cargo-home/registry/src/github.com-1ecc6299db9ec823/ssmarshal-1.0.0/src/lib.rs,642,26,UnsafeBlockUserProvided,46116033,Normal,Rust,core,core[e667]::ops[0]::try[0]::Try[0]::from_error[0],core.ops.try.Try.from_error,True
601980,43013,javelin,0.3.7,javelin,75ab0a7cf26f9def,2018,198757348,71202433,63520994,MacroBang,crate_authors!,<::clap::macros::crate_authors macros>,12,47,UnsafeBlockUserProvided,61341560,Normal,Rust,core,core[e667]::ops[0]::index[0]::Index[0]::index[0],core.ops.index.Index.index,True
573677,38720,pool,0.1.4,pool,799ede76c248aa4a,2015,178605694,64176935,57310601,Root,{{root}},/opt/rustwide/cargo-home/registry/src/github.com-1ecc6299db9ec823/pool-0.1.4/src/lib.rs,112,8,UnsafeBlockUserProvided,55152204,Normal,Rust,core,core[e667]::ops[0]::deref[0]::Deref[0]::deref[0],core.ops.deref.Deref.deref,True
868611,72996,magnetic,2.0.0,magnetic,7606687e114d8d47,2015,329787174,119112309,106680687,Root,{{root}},src/spsc.rs,169,16,UnsafeBlockUserProvided,102365514,Normal,Rust,core,core[e667]::ops[0]::deref[0]::Deref[0]::deref[0],core.ops.deref.Deref.deref,True
601980,43013,javelin,0.3.7,javelin,75ab0a7cf26f9def,2018,198757348,71202433,63520994,MacroBang,crate_authors!,<::clap::macros::crate_authors macros>,12,47,UnsafeBlockUserProvided,61341560,Normal,Rust,core,core[e667]::ops[0]::index[0]::Index[0]::index[0],core.ops.index.Index.index,True
624919,45461,rain_server,0.4.0,rain,14184acfb876f420,2015,210004623,75277264,67079291,Root,{{root}},src/governor/data/transport.rs,35,36,UnsafeBlockUserProvided,64703004,Normal,Rust,core,core[e667]::convert[0]::From[0]::from[0],core.convert.From.from,True
233871,9586,libxdo,0.6.0,libxdo,7b67aa18265af6ec,2015,44815284,15928287,14291700,MacroBang,xdo!,src/lib.rs,106,8,UnsafeBlockUserProvided,13789291,Normal,Rust,core,core[e667]::ops[0]::deref[0]::Deref[0]::deref[0],core.ops.deref.Deref.deref,True
396176,22058,thread-local-object,0.1.0,thread_local_object,3060a079ffe95581,2015,99518676,35558329,31900789,Root,{{root}},/opt/rustwide/cargo-home/registry/src/github.com-1ecc6299db9ec823/thread-local-object-0.1.0/src/lib.rs,198,37,UnsafeBlockUserProvided,30854246,Normal,Rust,core,core[e667]::clone[0]::Clone[0]::clone[0],core.clone.Clone.clone,True
689643,52914,bitty,1.0.0,bitty,a0133de57b5dbd92,2015,243506862,87393424,78012404,MacroBang,impl_as_bits!,src/macros.rs,15,16,UnsafeBlockUserProvided,74996989,Unsafe,Rust,bitty,bitty[4433]::traits[0]::AsBits[0]::as_bits_until_unchecked[0],bitty.traits.AsBits.as_bits_until_unchecked,True
148251,6891,xz2,0.1.6,xz2,ae225775c016d22a,2015,32985332,11689803,10492185,Root,{{root}},/opt/rustwide/cargo-home/registry/src/github.com-1ecc6299db9ec823/xz2-0.1.6/src/stream.rs,302,8,UnsafeBlockUserProvided,10067652,Normal,Rust,core,core[e667]::ops[0]::try[0]::Try[0]::from_error[0],core.ops.try.Try.from_error,True
742967,59464,capstone3,0.1.0,capstone3,1eb44b7af7dff2e8,2015,271538042,97603098,87368566,Root,{{root}},src/instruction.rs,64,17,UnsafeBlockUserProvided,83997628,Normal,Rust,core,core[e667]::convert[0]::From[0]::from[0],core.convert.From.from,True
557633,37311,uuid-b64,0.1.1,uuid_b64,12434ac25f512f57,2015,171989514,61505604,54949302,Root,{{root}},src/lib.rs,174,8,UnsafeBlockUserProvided,52950273,Normal,Rust,core,core[e667]::ops[0]::deref[0]::Deref[0]::deref[0],core.ops.deref.Deref.deref,True
630730,46316,video-metadata,0.1.2,video_metadata,c545e43671150537,2015,213818214,76795575,68374310,Root,{{root}},src/video_metadata.rs,142,4,UnsafeBlockUserProvided,65878966,Normal,Rust,core,core[e667]::ops[0]::deref[0]::Deref[0]::deref[0],core.ops.deref.Deref.deref,True
807414,65471,std,0.0.0,std,66af2161c9642143,2018,296185562,107058255,95914251,Root,{{root}},/home/vakaras/.rustup/toolchains/nightly-2020-02-03-x86_64-unknown-linux-gnu/lib/rustlib/src/rust/src/libstd/sys/unix/ext/net.rs,1129,12,UnsafeBlockUserProvided,91963344,Normal,Rust,core,core[e667]::convert[0]::From[0]::from[0],core.convert.From.from,True
683377,52466,brotli-decompressor,2.3.0,brotli_decompressor,81ed689aec23d8c8,2015,241540739,86731502,77422929,Root,{{root}},src/ffi/alloc_util.rs,80,16,UnsafeBlockUserProvided,74395970,Normal,Rust,core,core[e667]::default[0]::Default[0]::default[0],core.default.Default.default,True
742941,59460,md2pdf,0.0.1,md2pdf,77d27bddaad30920,2018,271537419,97602782,87368202,MacroBang,crate_authors!,<::clap::macros::crate_authors macros>,12,47,UnsafeBlockUserProvided,83997389,Normal,Rust,core,core[e667]::ops[0]::index[0]::Index[0]::index[0],core.ops.index.Index.index,True
544041,35733,enet,0.2.3,enet,f946b005900c0bb2,2018,165514852,59064965,52758008,Root,{{root}},src/address.rs,29,12,UnsafeBlockUserProvided,50909025,Normal,Rust,core,core[e667]::ops[0]::deref[0]::Deref[0]::deref[0],core.ops.deref.Deref.deref,True
837847,70312,bigqueue,0.0.2,bigqueue,9ea0b7a72bd3412,2018,318017944,114911332,103042430,Root,{{root}},src/bigqueue.rs,239,16,UnsafeBlockUserProvided,98762983,Normal,Rust,core,core[e667]::ops[0]::deref[0]::Deref[0]::deref[0],core.ops.deref.Deref.deref,True
437986,25746,ledger,0.2.5,ledger,5878538ff658c44e,2015,115548711,41315862,37172657,Root,{{root}},/opt/rustwide/cargo-home/registry/src/github.com-1ecc6299db9ec823/ledger-0.2.5/src/lib.rs,396,8,UnsafeBlockUserProvided,35795734,Normal,Rust,core,core[e667]::ops[0]::try[0]::Try[0]::from_error[0],core.ops.try.Try.from_error,True
896687,77683,saml10e15a,0.2.0,saml10e15a,999a39ef83230cf6,2018,351159258,126731581,113438331,Root,{{root}},src/nvmctrl/nsulck.rs,126,8,UnsafeBlockUserProvided,108889324,Normal,Rust,saml10e15a,saml10e15a[5d1e]::generic[0]::ToBits[0]::_bits[0],saml10e15a.generic.ToBits._bits,True
32204,1373,syswall,0.3.1,syswall,e136f2d30671615f,2018,6927439,2480086,2223657,Root,{{root}},/opt/rustwide/cargo-home/registry/src/github.com-1ecc6299db9ec823/syswall-0.3.1/src/child_process.rs,463,4,UnsafeBlockUserProvided,2115723,Normal,Rust,core,core[e667]::clone[0]::Clone[0]::clone[0],core.clone.Clone.clone,True
740335,58943,omgwtf8,0.1.0,omgwtf8,bb038a36222d8da,2015,268573157,96624574,86535589,Root,{{root}},src/slice.rs,84,8,UnsafeBlockUserProvided,83141660,Normal,Rust,core,core[e667]::ops[0]::index[0]::Index[0]::index[0],core.ops.index.Index.index,True
591564,41790,filearco,0.1.0,filearco,7a715d0256cfe4c9,2015,192511349,69018878,61573494,Root,{{root}},src/v1.rs,174,26,UnsafeBlockUserProvided,59411302,Normal,Rust,core,core[e667]::ops[0]::deref[0]::Deref[0]::deref[0],core.ops.deref.Deref.deref,True
404447,23548,http,0.2.0,http,43c195df6e676ceb,2018,105815716,37688919,33964409,Root,{{root}},/opt/rustwide/cargo-home/registry/src/github.com-1ecc6299db9ec823/http-0.2.0/src/header/map.rs,2631,28,UnsafeBlockUserProvided,32787855,Normal,Rust,core,core[e667]::ops[0]::index[0]::IndexMut[0]::index_mut[0],core.ops.index.IndexMut.index_mut,True
118911,4614,httpbis,0.7.0,httpbis,1cc1f24226e3b17a,2015,23073071,8186020,7281114,Root,{{root}},/opt/rustwide/cargo-home/registry/src/github.com-1ecc6299db9ec823/httpbis-0.7.0/src/ascii.rs,22,8,UnsafeBlockUserProvided,6921108,Normal,Rust,core,core[e667]::ops[0]::deref[0]::Deref[0]::deref[0],core.ops.deref.Deref.deref,True
234042,9626,devp2p-secp256k1,0.5.6,secp256k1,ee10f2f63ddc0ca2,2015,44974515,15991049,14363737,Root,{{root}},src/key.rs,210,8,UnsafeBlockUserProvided,13854967,Normal,Rust,core,core[e667]::ops[0]::deref[0]::Deref[0]::deref[0],core.ops.deref.Deref.deref,True
893879,76679,papyrus,0.13.1,papyrus,74c1740ceff44aa4,2018,345468552,124838721,111847572,Root,{{root}},src/compile/execute.rs,27,71,UnsafeBlockUserProvided,107197231,Normal,Rust,core,core[e667]::ops[0]::deref[0]::Deref[0]::deref[0],core.ops.deref.Deref.deref,True
536750,34952,emoji-quickpick,1.0.0,emoji_quickpick,209959a438c0805f,2018,162133518,57802296,51618822,Root,{{root}},src/main.rs,209,18,UnsafeBlockUserProvided,49847264,Normal,Rust,core,core[e667]::ops[0]::deref[0]::Deref[0]::deref[0],core.ops.deref.Deref.deref,True
1013980,96031,bintrie,0.2.0,bintrie,d3e1675b1a478e0,2018,434586534,156873094,140532124,Root,{{root}},src/lib.rs,76,8,UnsafeBlockUserProvided,135200724,Normal,rust-call,core,core[e667]::ops[0]::function[0]::FnMut[0]::call_mut[0],core.ops.function.FnMut.call_mut,True
996836,92162,mysql_common,0.20.0,mysql_common,4b43fbee340c5578,2018,417665190,150776220,135164024,Root,{{root}},src/proto/codec/mod.rs,75,12,UnsafeBlockUserProvided,129873027,Normal,Rust,bytes,bytes[9310]::buf[0]::buf_mut[0]::BufMut[0]::put_uint_le[0],bytes.buf.buf_mut.BufMut.put_uint_le,True
709358,54653,rlifesrc-lib,0.3.1,rlifesrc_lib,1b4ae564ad8e5c27,2018,252001834,90384938,80757452,Root,{{root}},/opt/rustwide/cargo-home/registry/src/github.com-1ecc6299db9ec823/rlifesrc-lib-0.3.1/src/world.rs,178,24,UnsafeBlockUserProvided,77721555,Normal,Rust,core,core[e667]::ops[0]::arith[0]::Add[0]::add[0],core.ops.arith.Add.add,True
272309,12420,optimisticpeach-opengles_graphics,0.1.4,opengles_graphics,eb4630d0d369df9c,2015,57247571,20418525,18322199,Root,{{root}},src/back_end.rs,98,8,UnsafeBlockUserProvided,17633494,Normal,Rust,core,core[e667]::ops[0]::index[0]::Index[0]::index[0],core.ops.index.Index.index,True
519667,32273,gameboy_opengl,0.2.0,gameboy_opengl,30cdb1fea3f19a90,2015,148375086,52944927,47379008,Root,{{root}},src/lib.rs,353,4,UnsafeBlockUserProvided,45673578,Normal,Rust,core,core[e667]::ops[0]::deref[0]::Deref[0]::deref[0],core.ops.deref.Deref.deref,True
735283,58452,termsize,0.1.6,termsize,9262bd4ef3539a73,2015,266252415,95814724,85762553,Root,{{root}},src/nix.rs,32,12,UnsafeBlockUserProvided,82392567,Normal,Rust,core,core[e667]::convert[0]::Into[0]::into[0],core.convert.Into.into,True
490616,30207,specs_guided_join,0.2.1,specs_guided_join,4619aeb16e1052f1,2015,137350686,49340293,44182828,Root,{{root}},src/guided_join.rs,46,29,UnsafeBlockUserProvided,42478739,Unsafe,Rust,specs,specs[83cb]::join[0]::Join[0]::open[0],specs.join.Join.open,True
716152,56208,glitchup,0.4.1,glitchconsole,5b380c739777c0dc,2018,258088734,92609756,82851663,Root,{{root}},src/loaders.rs,24,19,UnsafeBlockUserProvided,79667130,Normal,Rust,core,core[e667]::ops[0]::try[0]::Try[0]::from_error[0],core.ops.try.Try.from_error,True
354877,16753,rliron,0.0.6,rliron,474ebc1d0f75a7c4,2015,75539742,26879216,24068577,Root,{{root}},src/curses.rs,102,8,UnsafeBlockUserProvided,23256886,Normal,Rust,core,core[e667]::ops[0]::deref[0]::Deref[0]::deref[0],core.ops.deref.Deref.deref,True
54146,2170,unix_socket,0.5.0,unix_socket,3293671f6009ab02,2015,10893578,3846988,3472767,Root,{{root}},/opt/rustwide/cargo-home/registry/src/github.com-1ecc6299db9ec823/unix_socket-0.5.0/src/lib.rs,829,8,UnsafeBlockUserProvided,3256157,Normal,Rust,core,core[e667]::convert[0]::From[0]::from[0],core.convert.From.from,True
276672,13095,uinput,0.1.3,uinput,52d83bcc4fcaceb8,2015,60273070,21418113,19233253,Root,{{root}},src/device/builder.rs,151,6,UnsafeBlockUserProvided,18560949,Normal,Rust,core,core[e667]::convert[0]::From[0]::from[0],core.convert.From.from,True
25615,913,crossterm,0.14.2,crossterm,8ed7cb2a2b92c2ea,2018,4729100,1741463,1592210,Root,{{root}},/opt/rustwide/cargo-home/registry/src/github.com-1ecc6299db9ec823/crossterm-0.14.2/src/terminal/sys/unix.rs,116,4,UnsafeBlockUserProvided,1451957,Normal,Rust,core,core[e667]::ops[0]::try[0]::Try[0]::into_result[0],core.ops.try.Try.into_result,True
1034126,99486,newrelic-sdk,0.0.3,newrelic_sdk,a6a87bb3cff3a516,2015,451050882,162577961,145661684,Root,{{root}},src/linux.rs,72,13,UnsafeBlockUserProvided,140056112,Normal,Rust,core,core[e667]::ops[0]::deref[0]::Deref[0]::deref[0],core.ops.deref.Deref.deref,True
659994,49866,owned-read,0.4.0,owned_read,7ce7d1d6c11322ac,2015,230321401,82845422,73810017,MacroDerive,#[derive(__rental_structs_and_impls)],<::rental::rental macros>,6,36,UnsafeBlockUserProvided,70912971,Normal,Rust,core,core[e667]::ops[0]::deref[0]::Deref[0]::deref[0],core.ops.deref.Deref.deref,True
122934,5113,drone-core,0.11.1,drone_core,413212b3dfc0f69d,2018,25596659,8989580,7985390,Root,{{root}},src/thr/preempted.rs,22,4,UnsafeBlockUserProvided,7739486,Unsafe,Rust,drone_core,drone_core[483e]::thr[0]::Thread[0]::local[0],drone_core.thr.Thread.local,True
407970,23896,rayon-hash,0.5.0,rayon_hash,9b8b7a554bae45a5,2018,107506014,38240114,34469426,Root,{{root}},src/std_hash/table.rs,751,8,UnsafeBlockUserProvided,33272199,Normal,Rust,core,core[e667]::convert[0]::From[0]::from[0],core.convert.From.from,True
439937,26476,natpmp,0.2.0,natpmp,dfb2da219ef62993,2018,118630631,42325571,38037362,Root,{{root}},src/lib.rs,52,4,UnsafeBlockUserProvided,36735130,Normal,Rust,core,core[e667]::clone[0]::Clone[0]::clone[0],core.clone.Clone.clone,True
1025777,97985,eko-gc,0.0.2,eko_gc,cb114ee2b7621f7c,2018,443659999,159911648,143361880,Root,{{root}},src/gc_ref_cell.rs,106,6,UnsafeBlockUserProvided,137856502,Normal,Rust,core,core[e667]::ops[0]::deref[0]::Deref[0]::deref[0],core.ops.deref.Deref.deref,True
380254,19642,drone-stm32l4,0.1.2,drone_stm32l4,e03176e80adc3b34,2015,88023651,31491901,28291041,Root,{{root}},src/reg/rcc.rs,297,4,UnsafeBlockUserProvided,27391119,Normal,Rust,drone_core,drone_core[e1a2]::reg[0]::value[0]::RawValue[0]::read_bits[0],drone_core.reg.value.RawValue.read_bits,True
536170,34874,wayland-kbd,0.13.1,wayland_kbd,a8389242f86422d9,2015,161633975,57556045,51387468,Root,{{root}},/opt/rustwide/cargo-home/registry/src/github.com-1ecc6299db9ec823/wayland-kbd-0.13.1/src/mapped_keyboard.rs,320,8,UnsafeBlockUserProvided,49636357,Normal,Rust,core,core[e667]::ops[0]::deref[0]::Deref[0]::deref[0],core.ops.deref.Deref.deref,True
380330,19692,notnow,0.2.1,notnow,883b37f37b8b419d,2018,88590155,31644176,28407477,Root,{{root}},src/resize.rs,98,2,UnsafeBlockUserProvided,27521456,Normal,Rust,core,core[e667]::convert[0]::From[0]::from[0],core.convert.From.from,True
578813,39784,tagua-llvm,0.1.0,tagua_llvm,fd44509354fd5256,2015,183639219,65831674,58764359,MacroBang,bind_type!,source/native_type.rs,56,12,UnsafeBlockUserProvided,56623601,Normal,Rust,tagua_llvm,tagua_llvm[69c7]::LLVMRef[0]::to_ref[0],tagua_llvm.LLVMRef.to_ref,True
9640,113,snap,0.2.5,snap,3fb155882314f0e0,2015,668435,276976,247658,Root,{{root}},/opt/rustwide/cargo-home/registry/src/github.com-1ecc6299db9ec823/snap-0.2.5/src/compress.rs,283,16,UnsafeBlockUserProvided,215591,Normal,Rust,core,core[e667]::ops[0]::deref[0]::DerefMut[0]::deref_mut[0],core.ops.deref.DerefMut.deref_mut,True
940310,83345,diffmetrik,0.2.0,diffmetrik,b2b1d26b1ce7628c,2018,377597873,136180700,121891733,Root,{{root}},src/metrics/cpu.rs,37,25,UnsafeBlockUserProvided,117049534,Normal,Rust,core,core[e667]::ops[0]::index[0]::Index[0]::index[0],core.ops.index.Index.index,True
913054,80494,egaku2d_core,0.2.1,egaku2d_core,b8500e0a0f96eea7,2018,363649619,131197839,117360654,Root,{{root}},/opt/rustwide/cargo-home/registry/src/github.com-1ecc6299db9ec823/egaku2d_core-0.2.1/src/shader.rs,9,4,UnsafeBlockUserProvided,112735219,Normal,Rust,core,core[e667]::ops[0]::deref[0]::Deref[0]::deref[0],core.ops.deref.Deref.deref,True
1015565,96327,hyper-fs,0.2.0,hyper_fs,574c820cede1a98b,2015,435880847,157381417,141004354,Root,{{root}},src/static_file.rs,535,16,UnsafeBlockUserProvided,135607451,Unsafe,Rust,bytes,bytes[9583]::buf[0]::buf_mut[0]::BufMut[0]::advance_mut[0],bytes.buf.buf_mut.BufMut.advance_mut,True
368505,18242,cedarwood,0.4.4,cedarwood,a4b56da04d4b60d6,2018,82385314,29321340,26311556,Root,{{root}},/opt/rustwide/cargo-home/registry/src/github.com-1ecc6299db9ec823/cedarwood-0.4.4/src/lib.rs,820,8,UnsafeBlockUserProvided,25437157,Normal,Rust,core,core[e667]::ops[0]::index[0]::Index[0]::index[0],core.ops.index.Index.index,True
994192,91648,convec,2.0.1,convec,eca115497214ef39,2015,415620455,150114547,134529218,Root,{{root}},src/convec.rs,111,8,UnsafeBlockUserProvided,129289539,Normal,Rust,core,core[e667]::ops[0]::index[0]::Index[0]::index[0],core.ops.index.Index.index,True
271150,12232,libperl-rs,0.2.0,libperl_rs,985e6ab36d54ca37,2018,56637722,20159925,18066429,Root,{{root}},src/perl.rs,44,4,UnsafeBlockUserProvided,17403575,Normal,Rust,core,core[e667]::ops[0]::deref[0]::Deref[0]::deref[0],core.ops.deref.Deref.deref,True
998230,92622,allegro_primitives,0.0.38,allegro_primitives,407e56733fddbed9,2015,420261262,151579866,135814916,Root,{{root}},/opt/rustwide/cargo-home/registry/src/github.com-1ecc6299db9ec823/allegro_primitives-0.0.38/src/lib.rs,101,2,UnsafeBlockUserProvided,130606822,Normal,Rust,allegro_primitives,allegro_primitives[dc08]::VertexType[0]::get_decl[0],allegro_primitives.VertexType.get_decl,True
439117,26346,rain_task,0.4.0,rain_task,90a64a91d6de0a69,2015,117907745,42109132,37859422,Root,{{root}},src/input.rs,88,27,UnsafeBlockUserProvided,36533828,Normal,Rust,core,core[e667]::convert[0]::From[0]::from[0],core.convert.From.from,True
475155,29096,rust_transformers,0.1.0,rust_transformers,3f068311c3929ffa,2018,132018842,47393112,42524989,Root,{{root}},src/preprocessing/vocab/bpe_vocab.rs,47,8,UnsafeBlockUserProvided,40912658,Normal,Rust,core,core[e667]::ops[0]::deref[0]::Deref[0]::deref[0],core.ops.deref.Deref.deref,True
975118,88265,sawtooth-zmq,0.8.2-dev5,zmq,922143a867acf59d,2015,399076370,144048161,129047228,Root,{{root}},src/message.rs,98,20,UnsafeBlockUserProvided,124005645,Normal,Rust,core,core[e667]::ops[0]::deref[0]::Deref[0]::deref[0],core.ops.deref.Deref.deref,True
630590,46266,pfctl,0.3.0,pfctl,ba3a2b533c493ed0,2018,213498614,76719090,68321090,Root,{{root}},src/rule/mod.rs,466,28,UnsafeBlockUserProvided,65790727,Normal,Rust,core,core[e667]::convert[0]::AsRef[0]::as_ref[0],core.convert.AsRef.as_ref,True
523782,33260,rug2d,0.1.1,rug2d,8f4d30ca1d9ae66,2015,152931780,54554129,48821103,Root,{{root}},src/lib.rs,30,4,UnsafeBlockUserProvided,47153848,Unsafe,Rust,glutin,glutin[9460]::GlContext[0]::make_current[0],glutin.GlContext.make_current,True
