,build,package_name,package_version,crate_name,build_crate_hash,edition,block,unsafe_scope,unsafe_scope_span,unsafe_scope_expansion_kind,unsafe_scope_expansion_kind_descr,file_name,line,col,check_mode,call,unsafety,abi,target_crate,call_target_def_path,call_target_summary_key,is_target_trait_item,reviewed,is_unique_target,dyn Trait,generic bound,macro var
402244,23159,abomonation,0.7.3,abomonation,bd092d823a537800,2015,104074633,37115269,33412841,Root,{{root}},src/abomonated.rs,124,25,UnsafeBlockUserProvided,32271627,Normal,Rust,core,core[e667]::ops[0]::deref[0]::Deref[0]::deref[0],core.ops.deref.Deref.deref,True,True,False,False,True,False
998230,92622,allegro_primitives,0.0.38,allegro_primitives,407e56733fddbed9,2015,420261262,151579866,135814916,Root,{{root}},/opt/rustwide/cargo-home/registry/src/github.com-1ecc6299db9ec823/allegro_primitives-0.0.38/src/lib.rs,101,2,UnsafeBlockUserProvided,130606822,Normal,Rust,allegro_primitives,allegro_primitives[dc08]::VertexType[0]::get_decl[0],allegro_primitives.VertexType.get_decl,True,True,False,False,True,False
897069,77706,alpm,0.8.0,alpm,20ea322597f7e270,2018,351232221,126762546,113470595,Root,{{root}},src/db.rs,85,20,UnsafeBlockUserProvided,108916586,Normal,Rust,core,core[e667]::ops[0]::deref[0]::Deref[0]::deref[0],core.ops.deref.Deref.deref,True,True,True,False,False,False
711592,55355,async-coap,0.1.0,async_coap,d71b9ebe76ea180c,2018,254891629,91469911,81761154,Root,{{root}},/opt/rustwide/cargo-home/registry/src/github.com-1ecc6299db9ec823/async-coap-0.1.0/src/arc_guard.rs,152,26,UnsafeBlockUserProvided,78649877,Normal,Rust,core,core[e667]::ops[0]::deref[0]::Deref[0]::deref[0],core.ops.deref.Deref.deref,True,True,True,False,False,False
32620,1419,async-stream,0.2.0,async_stream,34f66e506e15eef8,2018,7122606,2563566,2298163,Root,{{root}},/opt/rustwide/cargo-home/registry/src/github.com-1ecc6299db9ec823/async-stream-0.2.0/src/yielder.rs,54,26,UnsafeBlockUserProvided,2181462,Normal,Rust,core,core[e667]::ops[0]::deref[0]::DerefMut[0]::deref_mut[0],core.ops.deref.DerefMut.deref_mut,True,True,False,False,True,False
682558,52146,assembler,0.10.1,assembler,2583a4ae346af69a,2015,240067264,86190069,76927727,Root,{{root}},src/mnemonic_parameter_types/memory/MemoryOperand.rs,409,49,UnsafeBlockUserProvided,73924119,Normal,Rust,assembler,assembler[f78e]::mnemonic_parameter_types[0]::registers[0]::Register[0]::index[0],assembler.mnemonic_parameter_types.registers.Register.index,True,True,False,False,True,False
816265,66787,assimp,0.3.1,assimp,a7cc2d34cd787be6,2015,302390534,109225508,97858504,Root,{{root}},src/scene/animation.rs,61,12,UnsafeBlockUserProvided,93784985,Normal,Rust,core,core[e667]::ops[0]::deref[0]::Deref[0]::deref[0],core.ops.deref.Deref.deref,True,True,True,False,False,False
429366,25038,atomic_ring_buffer,1.0.0,atomic_ring_buffer,1438264ccb3b4932,2015,112606867,40147980,36147021,Root,{{root}},src/lib.rs,210,23,UnsafeBlockUserProvided,34908740,Normal,Rust,core,core[e667]::convert[0]::AsRef[0]::as_ref[0],core.convert.AsRef.as_ref,True,True,False,False,True,False
521385,32566,beach_map,0.1.2,beach_map,45bae23ac7ffaa8d,2018,149629919,53425209,47796644,Root,{{root}},/opt/rustwide/cargo-home/registry/src/github.com-1ecc6299db9ec823/beach_map-0.1.2/src/lib.rs,380,16,UnsafeBlockUserProvided,46102876,Normal,Rust,core,core[e667]::ops[0]::deref[0]::Deref[0]::deref[0],core.ops.deref.Deref.deref,True,True,True,False,False,False
837847,70312,bigqueue,0.0.2,bigqueue,9ea0b7a72bd3412,2018,318017944,114911332,103042430,Root,{{root}},src/bigqueue.rs,239,16,UnsafeBlockUserProvided,98762983,Normal,Rust,core,core[e667]::ops[0]::deref[0]::Deref[0]::deref[0],core.ops.deref.Deref.deref,True,True,True,False,False,False
940842,83434,bitsign,0.1.1,bitsign,659ee2c23cdff33c,2018,378002709,136300441,122006874,Root,{{root}},src/main.rs,113,12,UnsafeBlockUserProvided,117160808,Normal,Rust,core,core[e667]::iter[0]::traits[0]::collect[0]::IntoIterator[0]::into_iter[0],core.iter.traits.collect.IntoIterator.into_iter,True,True,True,False,False,False
689643,52914,bitty,1.0.0,bitty,a0133de57b5dbd92,2015,243506862,87393424,78012404,MacroBang,impl_as_bits!,src/macros.rs,15,16,UnsafeBlockUserProvided,74996989,Unsafe,Rust,bitty,bitty[4433]::traits[0]::AsBits[0]::as_bits_until_unchecked[0],bitty.traits.AsBits.as_bits_until_unchecked,True,True,True,False,False,False
838171,70343,block-array-cow,0.1.4,block_array_cow,8a40a510033317a1,2015,318107828,114940102,103063480,Root,{{root}},src/lib.rs,436,8,UnsafeBlockUserProvided,98787631,Normal,Rust,core,core[e667]::ops[0]::deref[0]::DerefMut[0]::deref_mut[0],core.ops.deref.DerefMut.deref_mut,True,True,True,False,False,False
683377,52466,brotli-decompressor,2.3.0,brotli_decompressor,81ed689aec23d8c8,2015,241540739,86731502,77422929,Root,{{root}},src/ffi/alloc_util.rs,80,16,UnsafeBlockUserProvided,74395970,Normal,Rust,core,core[e667]::default[0]::Default[0]::default[0],core.default.Default.default,True,True,False,False,True,False
17363,516,cairo,0.0.4,cairo,5cee83a76c985b5d,2015,2567409,1018093,939901,Root,{{root}},src/lib.rs,190,4,UnsafeBlockUserProvided,821757,Normal,Rust,num_traits,num_traits[6eae]::identities[0]::Zero[0]::zero[0],num_traits.identities.Zero.zero,True,True,True,False,False,False
141028,6514,canal,0.1.3,canal,583d2eb3e3a3e937,2015,31706609,11143146,9977322,Root,{{root}},src/mpmc/mutex_linked_list.rs,92,8,UnsafeBlockUserProvided,9566591,Normal,Rust,core,core[e667]::ops[0]::deref[0]::DerefMut[0]::deref_mut[0],core.ops.deref.DerefMut.deref_mut,True,True,True,False,False,False
371630,18604,capnp,0.11.1,capnp,9b2d25aa315f7260,2018,83887083,29859021,26776169,Root,{{root}},/opt/rustwide/cargo-home/registry/src/github.com-1ecc6299db9ec823/capnp-0.11.1/src/private/layout.rs,3091,8,UnsafeBlockUserProvided,25912611,Normal,Rust,core,core[e667]::iter[0]::traits[0]::collect[0]::IntoIterator[0]::into_iter[0],core.iter.traits.collect.IntoIterator.into_iter,True,True,True,False,False,False
742967,59464,capstone3,0.1.0,capstone3,1eb44b7af7dff2e8,2015,271538042,97603098,87368566,Root,{{root}},src/instruction.rs,64,17,UnsafeBlockUserProvided,83997628,Normal,Rust,core,core[e667]::convert[0]::From[0]::from[0],core.convert.From.from,True,True,True,False,False,False
587206,41277,cargo-xbuild,0.5.20,xargo_lib,583fd55045b4b14d,2015,190475776,68215254,60890679,Root,{{root}},src/flock.rs,155,8,UnsafeBlockUserProvided,58720956,Normal,Rust,core,core[e667]::ops[0]::deref[0]::Deref[0]::deref[0],core.ops.deref.Deref.deref,True,True,True,False,False,False
368505,18242,cedarwood,0.4.4,cedarwood,a4b56da04d4b60d6,2018,82385314,29321340,26311556,Root,{{root}},/opt/rustwide/cargo-home/registry/src/github.com-1ecc6299db9ec823/cedarwood-0.4.4/src/lib.rs,820,8,UnsafeBlockUserProvided,25437157,Normal,Rust,core,core[e667]::ops[0]::index[0]::Index[0]::index[0],core.ops.index.Index.index,True,True,True,False,False,False
527318,33963,com-rs,0.2.1,com_rs,f1c2983da3e06518,2015,156451619,55812408,49955676,Root,{{root}},/opt/rustwide/cargo-home/registry/src/github.com-1ecc6299db9ec823/com-rs-0.2.1/src/comptr.rs,145,12,UnsafeBlockUserProvided,48197337,Normal,Rust,com_rs,com_rs[ba6a]::comptr[0]::ComInterface[0]::iid[0],com_rs.comptr.ComInterface.iid,True,True,False,False,True,False
535495,34823,compression,0.1.5,compression,787c3bcf102c65d9,2018,161548748,57517478,51353351,Root,{{root}},src/bzip2/encoder.rs,459,43,UnsafeBlockUserProvided,49607178,Normal,Rust,core,core[e667]::ops[0]::deref[0]::Deref[0]::deref[0],core.ops.deref.Deref.deref,True,True,True,False,False,False
994192,91648,convec,2.0.1,convec,eca115497214ef39,2015,415620455,150114547,134529218,Root,{{root}},src/convec.rs,111,8,UnsafeBlockUserProvided,129289539,Normal,Rust,core,core[e667]::ops[0]::index[0]::Index[0]::index[0],core.ops.index.Index.index,True,True,True,False,False,False
962139,86720,cortex-m-rtfm,0.5.1,rtfm,13a1adee810c2099,2018,392775889,141591031,126820425,Root,{{root}},src/tq.rs,52,8,UnsafeBlockUserProvided,121870309,Normal,Rust,rtfm,rtfm[d529]::Monotonic[0]::now[0],rtfm.Monotonic.now,True,True,False,False,True,False
1010888,95195,crfsuite,0.2.6,crfsuite,d575ca7248c29322,2015,431623467,155681415,139451417,Root,{{root}},src/lib.rs,474,8,UnsafeBlockUserProvided,134192676,Normal,Rust,alloc,alloc[5a1b]::string[0]::ToString[0]::to_string[0],alloc.string.ToString.to_string,True,True,True,False,False,False
675123,51482,criterion,0.3.0,criterion,85133e6e941bfb6e,2018,236704708,85042858,75870572,Root,{{root}},/opt/rustwide/cargo-home/registry/src/github.com-1ecc6299db9ec823/criterion-0.3.0/src/stats/univariate/percentiles.rs,57,8,UnsafeBlockUserProvided,72886758,Normal,Rust,core,core[e667]::ops[0]::arith[0]::Sub[0]::sub[0],core.ops.arith.Sub.sub,True,True,False,False,True,False
25615,913,crossterm,0.14.2,crossterm,8ed7cb2a2b92c2ea,2018,4729100,1741463,1592210,Root,{{root}},/opt/rustwide/cargo-home/registry/src/github.com-1ecc6299db9ec823/crossterm-0.14.2/src/terminal/sys/unix.rs,116,4,UnsafeBlockUserProvided,1451957,Normal,Rust,core,core[e667]::ops[0]::try[0]::Try[0]::into_result[0],core.ops.try.Try.into_result,True,True,True,False,False,False
939436,83097,daemonize-rs,0.1.0,daemonize_rs,5bc77d1e71d50377,2018,376646623,135823007,121576087,Root,{{root}},src/lib.rs,123,1,UnsafeBlockUserProvided,116733305,Normal,Rust,core,core[e667]::convert[0]::From[0]::from[0],core.convert.From.from,True,True,False,False,True,False
672232,51104,dashmap-shard,0.1.1,dashmap_shard,aa54cf9c2c491438,2018,235259887,84569096,75422816,Root,{{root}},/opt/rustwide/cargo-home/registry/src/github.com-1ecc6299db9ec823/dashmap-shard-0.1.1/src/raw/mod.rs,1390,8,UnsafeBlockUserProvided,72457047,Normal,Rust,core,core[e667]::ops[0]::try[0]::Try[0]::from_error[0],core.ops.try.Try.from_error,True,True,True,False,False,False
234042,9626,devp2p-secp256k1,0.5.6,secp256k1,ee10f2f63ddc0ca2,2015,44974515,15991049,14363737,Root,{{root}},src/key.rs,210,8,UnsafeBlockUserProvided,13854967,Normal,Rust,core,core[e667]::ops[0]::deref[0]::Deref[0]::deref[0],core.ops.deref.Deref.deref,True,True,True,False,False,False
940310,83345,diffmetrik,0.2.0,diffmetrik,b2b1d26b1ce7628c,2018,377597873,136180700,121891733,Root,{{root}},src/metrics/cpu.rs,37,25,UnsafeBlockUserProvided,117049534,Normal,Rust,core,core[e667]::ops[0]::index[0]::Index[0]::index[0],core.ops.index.Index.index,True,True,True,False,False,False
805521,65184,digilent-waveforms,0.0.16,digilent_waveforms,60f38f5c1c6d36ff,2018,295310499,106702600,95574367,Root,{{root}},src/lib.rs,301,8,UnsafeBlockUserProvided,91628879,Normal,Rust,core,core[e667]::ops[0]::try[0]::Try[0]::from_error[0],core.ops.try.Try.from_error,True,True,True,False,False,False
655858,48703,dyn-clone,1.0.1,dyn_clone,57b33b3bcf3fc125,2018,225345909,81103047,72217552,Root,{{root}},/opt/rustwide/cargo-home/registry/src/github.com-1ecc6299db9ec823/dyn-clone-1.0.1/src/lib.rs,83,4,UnsafeBlockUserProvided,69374159,Unsafe,Rust,dyn_clone,dyn_clone[9e0b]::DynClone[0]::clone_box[0],dyn_clone.DynClone.clone_box,True,True,False,False,True,False
1026658,98309,dominator,0.5.6,dominator,e2bb93a776b3f92b,2018,445337955,160592850,143959479,MacroAttr,#[wasm_bindgen],src/bindings.rs,7,0,UnsafeBlockUserProvided,138344887,Normal,Rust,wasm_bindgen,wasm_bindgen[9867]::convert[0]::traits[0]::IntoWasmAbi[0]::into_abi[0],wasm_bindgen.convert.traits.IntoWasmAbi.into_abi,True,True,True,False,False,False
575082,39188,doublepivot-quicksort,0.2.0,quicksort,22642e95cf275cad,2015,180632492,64896992,57980328,Root,{{root}},src/lib.rs,11,1,UnsafeBlockUserProvided,55817364,Normal,Rust,core,core[e667]::cmp[0]::PartialEq[0]::eq[0],core.cmp.PartialEq.eq,True,True,False,False,True,False
122934,5113,drone-core,0.11.1,drone_core,413212b3dfc0f69d,2018,25596659,8989580,7985390,Root,{{root}},src/thr/preempted.rs,22,4,UnsafeBlockUserProvided,7739486,Unsafe,Rust,drone_core,drone_core[483e]::thr[0]::Thread[0]::local[0],drone_core.thr.Thread.local,True,True,False,False,True,False
995675,91855,drone-cortex-m,0.11.1,drone_cortex_m,ee32520669b2c256,2018,416328391,150352303,134748626,Root,{{root}},src/fib/proc/fiber.rs,234,8,UnsafeBlockUserProvided,129496205,Normal,Rust,core,core[e667]::ops[0]::deref[0]::DerefMut[0]::deref_mut[0],core.ops.deref.DerefMut.deref_mut,True,True,True,False,False,False
380254,19642,drone-stm32l4,0.1.2,drone_stm32l4,e03176e80adc3b34,2015,88023651,31491901,28291041,Root,{{root}},src/reg/rcc.rs,297,4,UnsafeBlockUserProvided,27391119,Normal,Rust,drone_core,drone_core[e1a2]::reg[0]::value[0]::RawValue[0]::read_bits[0],drone_core.reg.value.RawValue.read_bits,True,True,True,False,False,False
263975,11888,edf-reader,0.6.0,edf_reader,fb9f1531016dddba,2018,55049186,19585364,17563183,Root,{{root}},src/lib.rs,26,4,UnsafeBlockUserProvided,16923768,Normal,Rust,core,core[e667]::ops[0]::index[0]::Index[0]::index[0],core.ops.index.Index.index,True,True,True,False,False,False
495383,31062,efm32hg309f64,0.1.0,efm32hg309f64,df0e38ca27bf6927,2018,141826098,50735241,45439922,Root,{{root}},src/usart1/input.rs,98,8,UnsafeBlockUserProvided,43723680,Normal,Rust,core,core[e667]::convert[0]::Into[0]::into[0],core.convert.Into.into,True,True,True,False,False,False
913054,80494,egaku2d_core,0.2.1,egaku2d_core,b8500e0a0f96eea7,2018,363649619,131197839,117360654,Root,{{root}},/opt/rustwide/cargo-home/registry/src/github.com-1ecc6299db9ec823/egaku2d_core-0.2.1/src/shader.rs,9,4,UnsafeBlockUserProvided,112735219,Normal,Rust,core,core[e667]::ops[0]::deref[0]::Deref[0]::deref[0],core.ops.deref.Deref.deref,True,True,True,False,False,False
1025777,97985,eko-gc,0.0.2,eko_gc,cb114ee2b7621f7c,2018,443659999,159911648,143361880,Root,{{root}},src/gc_ref_cell.rs,106,6,UnsafeBlockUserProvided,137856502,Normal,Rust,core,core[e667]::ops[0]::deref[0]::Deref[0]::deref[0],core.ops.deref.Deref.deref,True,True,True,False,False,False
395160,21934,elfy,0.2.2,elfy,1dd54c8cfa55c498,2018,98774312,35312473,31722850,MacroBang,read_u64!,src/macros.rs,69,12,UnsafeBlockUserProvided,30662838,Normal,Rust,core,core[e667]::cmp[0]::PartialEq[0]::eq[0],core.cmp.PartialEq.eq,True,True,True,False,False,False
651057,47729,embly,0.0.5,embly,be587c07167a373f,2018,220676775,79455633,70747686,Root,{{root}},src/task.rs,34,20,UnsafeBlockUserProvided,67943182,Normal,Rust,core,core[e667]::clone[0]::Clone[0]::clone[0],core.clone.Clone.clone,True,True,True,False,False,False
536750,34952,emoji-quickpick,1.0.0,emoji_quickpick,209959a438c0805f,2018,162133518,57802296,51618822,Root,{{root}},src/main.rs,209,18,UnsafeBlockUserProvided,49847264,Normal,Rust,core,core[e667]::ops[0]::deref[0]::Deref[0]::deref[0],core.ops.deref.Deref.deref,True,True,True,False,False,False
544041,35733,enet,0.2.3,enet,f946b005900c0bb2,2018,165514852,59064965,52758008,Root,{{root}},src/address.rs,29,12,UnsafeBlockUserProvided,50909025,Normal,Rust,core,core[e667]::ops[0]::deref[0]::Deref[0]::deref[0],core.ops.deref.Deref.deref,True,True,True,False,False,False
956299,85503,evmap,7.1.3,evmap,21c4848397e13a45,2018,387913962,139704054,125088618,Root,{{root}},src/write.rs,556,26,UnsafeBlockUserProvided,120259935,Unsafe,Rust,evmap,evmap[ef99]::shallow_copy[0]::ShallowCopy[0]::shallow_copy[0],evmap.shallow_copy.ShallowCopy.shallow_copy,True,True,False,False,True,False
665584,50877,fart-cli,0.4.0,fart,f1eed0818aea4cbd,2018,234401180,84272323,75134558,Root,{{root}},src/serve/events.rs,151,14,UnsafeBlockUserProvided,72181871,Normal,Rust,futures_core,futures_core[273c]::stream[0]::Stream[0]::poll_next[0],futures_core.stream.Stream.poll_next,True,True,True,False,False,False
591564,41790,filearco,0.1.0,filearco,7a715d0256cfe4c9,2015,192511349,69018878,61573494,Root,{{root}},src/v1.rs,174,26,UnsafeBlockUserProvided,59411302,Normal,Rust,core,core[e667]::ops[0]::deref[0]::Deref[0]::deref[0],core.ops.deref.Deref.deref,True,True,True,False,False,False
353384,16387,filecoin-proofs,0.6.4,filecoin_proofs,aa0bf617786fc09d,2018,73922659,26384660,23596946,MacroBang,array!,<::array_macro::array macros>,9,47,UnsafeBlockUserProvided,22792111,Normal,Rust,core,core[e667]::iter[0]::traits[0]::iterator[0]::Iterator[0]::next[0],core.iter.traits.iterator.Iterator.next,True,True,True,False,False,False
824824,68297,fn-memo,1.2.0,fn_memo,5c6399099dfc75fe,2018,309333896,111756323,100123548,Root,{{root}},src/sync/chashmap.rs,38,16,UnsafeBlockUserProvided,95952045,Normal,Rust,core,core[e667]::clone[0]::Clone[0]::clone[0],core.clone.Clone.clone,True,True,True,False,False,False
31063,1077,futures-executor-preview,0.3.0-alpha.19,futures_executor,e8bd2ae127d0bdfa,2018,5687869,2039316,1828281,Root,{{root}},/opt/rustwide/cargo-home/registry/src/github.com-1ecc6299db9ec823/futures-executor-preview-0.3.0-alpha.19/src/thread_pool.rs,336,8,UnsafeBlockUserProvided,1723432,Normal,Rust,core,core[e667]::ops[0]::deref[0]::Deref[0]::deref[0],core.ops.deref.Deref.deref,True,True,True,False,False,False
519667,32273,gameboy_opengl,0.2.0,gameboy_opengl,30cdb1fea3f19a90,2015,148375086,52944927,47379008,Root,{{root}},src/lib.rs,353,4,UnsafeBlockUserProvided,45673578,Normal,Rust,core,core[e667]::ops[0]::deref[0]::Deref[0]::deref[0],core.ops.deref.Deref.deref,True,True,True,False,False,False
937558,82802,gbm,0.5.0,gbm,d8eb50a876b33735,2015,374753068,135242918,121070232,Root,{{root}},src/device.rs,139,18,UnsafeBlockUserProvided,116165917,Normal,Rust,core,core[e667]::ops[0]::deref[0]::Deref[0]::deref[0],core.ops.deref.Deref.deref,True,True,True,False,False,False
887267,76257,gdbm,0.1.1,gdbm,c6ca7a1cf2c6f36c,2015,343016627,124031799,111186339,Root,{{root}},src/lib.rs,209,8,UnsafeBlockUserProvided,106530968,Normal,Rust,core,core[e667]::convert[0]::Into[0]::into[0],core.convert.Into.into,True,True,True,False,False,False
181191,8935,gdk-pixbuf,0.8.0,gdk_pixbuf,b03d4b3efe37e037,2015,41602370,14846862,13277981,Root,{{root}},/opt/rustwide/cargo-home/registry/src/github.com-1ecc6299db9ec823/gdk-pixbuf-0.8.0/src/auto/pixbuf_format.rs,80,8,UnsafeBlockUserProvided,12775432,Normal,Rust,glib,glib[c917]::translate[0]::ToGlibPtr[0]::to_glib_none[0],glib.translate.ToGlibPtr.to_glib_none,True,True,True,False,False,False
131683,5893,generic-array,0.13.2,generic_array,3e872521be4fb485,2015,29038623,10217502,9096713,Root,{{root}},/opt/rustwide/cargo-home/registry/src/github.com-1ecc6299db9ec823/generic-array-0.13.2/src/lib.rs,439,8,UnsafeBlockUserProvided,8745903,Normal,Rust,core,core[e667]::iter[0]::traits[0]::iterator[0]::Iterator[0]::map[0],core.iter.traits.iterator.Iterator.map,True,True,True,False,False,False
384690,20588,ggraphics,0.0.2,ggraphics,d926dc4d1acd8f8d,2018,92226342,32925207,29565216,Root,{{root}},src/lib.rs,349,8,UnsafeBlockUserProvided,28685786,Normal,Rust,core,core[e667]::ops[0]::deref[0]::Deref[0]::deref[0],core.ops.deref.Deref.deref,True,True,True,False,False,False
716152,56208,glitchup,0.4.1,glitchconsole,5b380c739777c0dc,2018,258088734,92609756,82851663,Root,{{root}},src/loaders.rs,24,19,UnsafeBlockUserProvided,79667130,Normal,Rust,core,core[e667]::ops[0]::try[0]::Try[0]::from_error[0],core.ops.try.Try.from_error,True,True,True,False,False,False
46491,2001,goblin,0.1.3,goblin,226cbd7a293e9e27,2018,10068927,3606546,3228391,MacroBang,elf_section_header_std_impl!,/opt/rustwide/cargo-home/registry/src/github.com-1ecc6299db9ec823/goblin-0.1.3/src/elf/section_header.rs,335,16,UnsafeBlockUserProvided,3032809,Normal,Rust,core,core[e667]::ops[0]::try[0]::Try[0]::from_error[0],core.ops.try.Try.from_error,True,True,True,False,False,False
234819,9724,graphannis-capi,0.7.1,graphannis_capi,c38324ab90ed5138,2015,45351908,16130472,14486870,MacroBang,cstr!,src/lib.rs,32,8,UnsafeBlockUserProvided,13978708,Normal,Rust,core,core[e667]::convert[0]::From[0]::from[0],core.convert.From.from,True,True,True,False,False,False
952388,84646,hydrogen,0.1.5,hydrogen,46e4072805f33adf,2015,383943181,138312538,123832331,Root,{{root}},src/types.rs,118,31,UnsafeBlockUserProvided,119036824,Normal,Rust,hydrogen,hydrogen[d7e4]::Stream[0]::send[0],hydrogen.Stream.send,True,True,True,False,False,False
630744,46319,hike,0.1.2,hike,3c2efc1669b77a76,2015,213818420,76795669,68374393,Root,{{root}},src/main.rs,71,4,UnsafeBlockUserProvided,65879064,Normal,Rust,core,core[e667]::ops[0]::deref[0]::Deref[0]::deref[0],core.ops.deref.Deref.deref,True,True,True,False,False,False
1015565,96327,hyper-fs,0.2.0,hyper_fs,574c820cede1a98b,2015,435880847,157381417,141004354,Root,{{root}},src/static_file.rs,535,16,UnsafeBlockUserProvided,135607451,Unsafe,Rust,bytes,bytes[9583]::buf[0]::buf_mut[0]::BufMut[0]::advance_mut[0],bytes.buf.buf_mut.BufMut.advance_mut,True,True,True,False,False,False
575023,39170,hyper-multipart-rfc7578-mem-uploads,0.1.0-alpha3,hyper_multipart_rfc7578_mem_uploads,79bf09b2fda0443e,2015,180591873,64882330,57967816,Root,{{root}},src/client_.rs,137,12,UnsafeBlockUserProvided,55805808,Unsafe,Rust,bytes,bytes[9583]::buf[0]::buf_mut[0]::BufMut[0]::bytes_mut[0],bytes.buf.buf_mut.BufMut.bytes_mut,True,True,True,False,False,False
426796,24652,hypernums,0.1.0,hypernums,74780c36db3d4dce,2015,110904456,39591813,35631474,MacroBang,impl_unsigned_conversions!,src/convert.rs,181,16,UnsafeBlockUserProvided,34386344,Normal,Rust,core,core[e667]::ops[0]::arith[0]::Mul[0]::mul[0],core.ops.arith.Mul.mul,True,True,False,False,False,True
404447,23548,http,0.2.0,http,43c195df6e676ceb,2018,105815716,37688919,33964409,Root,{{root}},/opt/rustwide/cargo-home/registry/src/github.com-1ecc6299db9ec823/http-0.2.0/src/header/map.rs,2631,28,UnsafeBlockUserProvided,32787855,Normal,Rust,core,core[e667]::ops[0]::index[0]::IndexMut[0]::index_mut[0],core.ops.index.IndexMut.index_mut,True,True,True,False,False,False
118911,4614,httpbis,0.7.0,httpbis,1cc1f24226e3b17a,2015,23073071,8186020,7281114,Root,{{root}},/opt/rustwide/cargo-home/registry/src/github.com-1ecc6299db9ec823/httpbis-0.7.0/src/ascii.rs,22,8,UnsafeBlockUserProvided,6921108,Normal,Rust,core,core[e667]::ops[0]::deref[0]::Deref[0]::deref[0],core.ops.deref.Deref.deref,True,True,True,False,False,False
341786,15856,imgui-ext,0.3.0,imgui_ext,aa7b193370536e68,2018,72118991,25721085,22992223,MacroBang,imgui_slider_scalar!,src/macros.rs,87,16,UnsafeBlockUserProvided,22198641,Normal,Rust,imgui_ext,imgui_ext[8cfc]::slider[0]::Slider[0]::build[0],imgui_ext.slider.Slider.build,True,True,True,False,False,False
675162,51498,impromptu,0.0.1,impromptu,ebff32b2e6b9fae9,2018,236744854,85062528,75891302,Root,{{root}},src/user.rs,14,4,UnsafeBlockUserProvided,72900837,Normal,Rust,core,core[e667]::convert[0]::From[0]::from[0],core.convert.From.from,True,True,True,False,False,False
408186,24000,imxrt1062-lpspi1,0.1.0,imxrt1062_lpspi1,4c4ebb0ae809d647,2018,107882655,38425062,34636296,Root,{{root}},src/cfgr1.rs,360,8,UnsafeBlockUserProvided,33394215,Normal,Rust,core,core[e667]::convert[0]::Into[0]::into[0],core.convert.Into.into,True,True,True,False,False,False
825220,68424,imxrt1062-sai1,0.1.0,imxrt1062_sai1,a0290ed1dbd12103,2018,309879777,111991879,100341905,Root,{{root}},src/tcr2.rs,467,8,UnsafeBlockUserProvided,96175934,Normal,Rust,core,core[e667]::convert[0]::Into[0]::into[0],core.convert.Into.into,True,True,True,False,False,False
734752,58333,imxrt1062-wdog1,0.1.0,imxrt1062_wdog1,b51bad964d6715fe,2018,265993730,95719691,85681242,Root,{{root}},src/wcr.rs,684,8,UnsafeBlockUserProvided,82305248,Normal,Rust,core,core[e667]::convert[0]::Into[0]::into[0],core.convert.Into.into,True,True,True,False,False,False
897693,77770,insert_many,0.1.1,insert_many,dfee687a988939ae,2015,351490554,126830549,113545026,MacroBang,impl_veclike!,src/lib.rs,37,8,UnsafeBlockUserProvided,108982635,Normal,Rust,core,core[e667]::iter[0]::traits[0]::collect[0]::IntoIterator[0]::into_iter[0],core.iter.traits.collect.IntoIterator.into_iter,True,True,True,False,False,False
601980,43013,javelin,0.3.7,javelin,75ab0a7cf26f9def,2018,198757348,71202433,63520994,MacroBang,crate_authors!,<::clap::macros::crate_authors macros>,12,47,UnsafeBlockUserProvided,61341560,Normal,Rust,core,core[e667]::ops[0]::index[0]::Index[0]::index[0],core.ops.index.Index.index,True,True,True,False,False,False
472325,28662,jobserver,0.1.19,jobserver,13c02022862f95,2015,129889222,46701242,41880954,Root,{{root}},src/lib.rs,712,16,UnsafeBlockUserProvided,40239768,Normal,Rust,std,std[5a7f]::sys[0]::unix[0]::ext[0]::thread[0]::JoinHandleExt[0]::as_pthread_t[0],std.sys.unix.ext.thread.JoinHandleExt.as_pthread_t,True,True,True,False,False,False
741715,59070,joinkit,0.2.0,mjoin,dfcb444c1fd77fb5,2015,269580480,96953002,86799700,Root,{{root}},src/bin/mjoin.rs,205,22,UnsafeBlockUserProvided,83420073,Normal,Rust,core,core[e667]::ops[0]::deref[0]::Deref[0]::deref[0],core.ops.deref.Deref.deref,True,True,True,False,False,False
741757,59072,joinkit,0.2.0,hjoin,819d0591b5da3ed6,2015,269582505,96953552,86800189,Root,{{root}},src/bin/hjoin.rs,203,17,UnsafeBlockUserProvided,83420706,Normal,Rust,core,core[e667]::ops[0]::deref[0]::Deref[0]::deref[0],core.ops.deref.Deref.deref,True,True,True,False,False,False
367100,18144,kiss3d,0.22.1,kiss3d,dca6ce6ca1894d72,2015,81906294,29144585,26153763,Root,{{root}},src/builtin/object_material.rs,102,8,UnsafeBlockUserProvided,25292029,Normal,Rust,core,core[e667]::ops[0]::deref[0]::Deref[0]::deref[0],core.ops.deref.Deref.deref,True,True,True,False,False,False
376896,19259,kompact,0.8.1,kompact,821610bad22891c0,2018,86613853,30961153,27795105,Root,{{root}},src/runtime.rs,347,8,UnsafeBlockUserProvided,26900153,Normal,Rust,core,core[e667]::ops[0]::deref[0]::DerefMut[0]::deref_mut[0],core.ops.deref.DerefMut.deref_mut,True,True,True,False,False,False
1013747,96001,kontrak-sqlite,0.1.4,kontrak_sqlite,c1958664283c1de2,2015,434555708,156859891,140520619,Root,{{root}},src/connection.rs,64,8,UnsafeBlockUserProvided,135190655,Normal,Rust,core,core[e667]::ops[0]::deref[0]::Deref[0]::deref[0],core.ops.deref.Deref.deref,True,True,True,False,False,False
815417,66379,lazysort,0.2.1,lazysort,9301bc4ca46a9786,2015,300612675,108567874,97245359,Root,{{root}},src/lib.rs,41,4,UnsafeBlockUserProvided,93229935,Normal,Rust,core,core[e667]::cmp[0]::PartialEq[0]::eq[0],core.cmp.PartialEq.eq,True,True,True,False,False,False
437986,25746,ledger,0.2.5,ledger,5878538ff658c44e,2015,115548711,41315862,37172657,Root,{{root}},/opt/rustwide/cargo-home/registry/src/github.com-1ecc6299db9ec823/ledger-0.2.5/src/lib.rs,396,8,UnsafeBlockUserProvided,35795734,Normal,Rust,core,core[e667]::ops[0]::try[0]::Try[0]::from_error[0],core.ops.try.Try.from_error,True,True,True,False,False,False
526116,33727,libass,0.1.3,libass,fa5865e46df213b3,2018,155161727,55326280,49511947,Root,{{root}},src/library.rs,53,8,UnsafeBlockUserProvided,47761007,Normal,Rust,core,core[e667]::iter[0]::traits[0]::iterator[0]::Iterator[0]::map[0],core.iter.traits.iterator.Iterator.map,True,True,True,False,False,False
389209,21263,libcwa,0.1.0,libcwa,d27195969d8aee0d,2015,95258847,34010193,30544211,Root,{{root}},src/lib.rs,137,12,UnsafeBlockUserProvided,29574299,Normal,Rust,core,core[e667]::ops[0]::index[0]::IndexMut[0]::index_mut[0],core.ops.index.IndexMut.index_mut,True,True,True,False,False,False
1020137,97413,libyaml,0.1.0,libyaml,7b935f131a204f1,2018,441033101,159109389,142610451,Root,{{root}},src/event.rs,213,8,UnsafeBlockUserProvided,137126525,Normal,Rust,core,core[e667]::ops[0]::try[0]::Try[0]::into_result[0],core.ops.try.Try.into_result,True,True,True,False,False,False
402078,23126,libicmp,0.1.2,libicmp,487145c31f6ce394,2015,103786695,37032994,33329102,Root,{{root}},src/socket.rs,44,8,UnsafeBlockUserProvided,32176255,Normal,Rust,core,core[e667]::ops[0]::try[0]::Try[0]::from_error[0],core.ops.try.Try.from_error,True,True,True,False,False,False
271150,12232,libperl-rs,0.2.0,libperl_rs,985e6ab36d54ca37,2018,56637722,20159925,18066429,Root,{{root}},src/perl.rs,44,4,UnsafeBlockUserProvided,17403575,Normal,Rust,core,core[e667]::ops[0]::deref[0]::Deref[0]::deref[0],core.ops.deref.Deref.deref,True,True,True,False,False,False
233871,9586,libxdo,0.6.0,libxdo,7b67aa18265af6ec,2015,44815284,15928287,14291700,MacroBang,xdo!,src/lib.rs,106,8,UnsafeBlockUserProvided,13789291,Normal,Rust,core,core[e667]::ops[0]::deref[0]::Deref[0]::deref[0],core.ops.deref.Deref.deref,True,True,True,False,False,False
962606,86842,linux-perf-file-reader,0.1.0,linux_perf_file_reader,2bf5d3ab3e6135e5,2015,393180367,141792844,127001548,Root,{{root}},src/lib.rs,384,4,UnsafeBlockUserProvided,122026991,Normal,Rust,std,std[5a7f]::io[0]::Read[0]::read_exact[0],std.io.Read.read_exact,True,True,False,True,False,False
498582,31319,lockfree,0.5.1,lockfree,23a584d9d1fb463e,2015,142970404,51079429,45772125,Root,{{root}},/opt/rustwide/cargo-home/registry/src/github.com-1ecc6299db9ec823/lockfree-0.5.1/src/channel/mpmc.rs,231,20,UnsafeBlockUserProvided,44026905,Normal,Rust,core,core[e667]::ops[0]::deref[0]::Deref[0]::deref[0],core.ops.deref.Deref.deref,True,True,True,False,False,False
881859,74660,longest-increasing-subsequence,0.1.0,longest_increasing_subsequence,ac3b8ab242681ded,2018,335950817,121469351,108898056,Root,{{root}},src/lib.rs,183,4,UnsafeBlockUserProvided,104422119,Normal,Rust,core,core[e667]::iter[0]::traits[0]::collect[0]::Extend[0]::extend[0],core.iter.traits.collect.Extend.extend,True,True,False,False,True,False
558234,37589,lossyq,0.1.19,lossyq,d80de04823365308,2015,173339260,62100921,55455479,Root,{{root}},/opt/rustwide/cargo-home/registry/src/github.com-1ecc6299db9ec823/lossyq-0.1.19/src/spsc/mod.rs,54,4,UnsafeBlockUserProvided,53408543,Normal,Rust,core,core[e667]::ops[0]::deref[0]::Deref[0]::deref[0],core.ops.deref.Deref.deref,True,True,True,False,False,False
868611,72996,magnetic,2.0.0,magnetic,7606687e114d8d47,2015,329787174,119112309,106680687,Root,{{root}},src/spsc.rs,169,16,UnsafeBlockUserProvided,102365514,Normal,Rust,core,core[e667]::ops[0]::deref[0]::Deref[0]::deref[0],core.ops.deref.Deref.deref,True,True,True,False,False,False
266427,12027,mallumo-gls,0.43.0,mallumo_gls,8aa7e58b8f7b4a85,2015,55929591,19866668,17799964,Root,{{root}},src/buffer/immutable_buffer.rs,26,8,UnsafeBlockUserProvided,17168944,Normal,Rust,core,core[e667]::convert[0]::From[0]::from[0],core.convert.From.from,True,True,True,False,False,False
832863,69077,mango,0.3.0,mango,1437f654e8a7d67f,2018,312559706,112883793,101128446,MacroAttr,#[wasm_bindgen],src/ui/webi/compile_str.rs,3,0,UnsafeBlockUserProvided,96963101,Unsafe,Rust,wasm_bindgen,wasm_bindgen[de4b]::convert[0]::traits[0]::RefFromWasmAbi[0]::ref_from_abi[0],wasm_bindgen.convert.traits.RefFromWasmAbi.ref_from_abi,True,True,True,False,False,False
907893,79747,mcl_rust,0.0.1,mcl_rust,b71c85eec745aa34,2018,358781171,129612300,116102488,MacroBang,str_impl!,src/lib.rs,257,16,UnsafeBlockUserProvided,111311231,Normal,Rust,core,core[e667]::ops[0]::index[0]::Index[0]::index[0],core.ops.index.Index.index,True,True,True,False,False,False
542562,35584,median,0.3.0,median,ab2a84121221ae7c,2015,164455168,58768369,52497302,Root,{{root}},src/stack.rs,87,21,UnsafeBlockUserProvided,50637941,Normal,Rust,typenum,typenum[a770]::marker_traits[0]::Unsigned[0]::to_usize[0],typenum.marker_traits.Unsigned.to_usize,True,True,False,False,True,False
996836,92162,mysql_common,0.20.0,mysql_common,4b43fbee340c5578,2018,417665190,150776220,135164024,Root,{{root}},src/proto/codec/mod.rs,75,12,UnsafeBlockUserProvided,129873027,Normal,Rust,bytes,bytes[9310]::buf[0]::buf_mut[0]::BufMut[0]::put_uint_le[0],bytes.buf.buf_mut.BufMut.put_uint_le,True,True,True,False,False,False
272696,12450,mujs,0.0.3,mujs,2255ceeaf8eda4e3,2015,57452429,20471046,18371182,Root,{{root}},src/lib.rs,981,8,UnsafeBlockUserProvided,17690718,Normal,Rust,core,core[e667]::ops[0]::deref[0]::Deref[0]::deref[0],core.ops.deref.Deref.deref,True,True,True,False,False,False
